qp_template_id,qp_source_row_id,qp_template_class,qp_partition_labels,charge_orientation,closure_depth,native_signature_id,payload_status,source_disposition,source_stability,source_closure
TPL_024774dee7da0a8c4e8b2966,TOK_501059946ad85b6cca319e0c,UNARY,12,positive,1,TYPEDRAW_cdf6948adbfc9f43ab791c94,PAYLOAD,LEGAL_LOCAL_TEMPLATE,stable_matter_rows,CLOSED_WRITE
TPL_02590d66625ba878b980e86f,TOK_d5c44ad7dcfa6427034b52f0,UNARY,1,neutral,2,TYPEDRAW_fe5e307969c90f2c235395d3,PAYLOAD,LEGAL_LOCAL_TEMPLATE,stable_matter_rows,CLOSED_WRITE
TPL_0350929040a21ba95d891e35,TOK_160174dd27c1be1aa1dead1a,UNARY,8,negative,0,TYPEDRAW_9d5ad2d74a7e0d68508eec79,PAYLOAD,LEGAL_LOCAL_TEMPLATE,antimatter_conjugate_rows,CLOSED_CONJUGATE_WRITE
TPL_0413790da59d51cdb9806e7c,TOK_0c1a9e6b3b92910775f901ec,PAIR,6|6,neutral,1,TYPEDRAW_983160f3a77f2f8530f009a2,PAYLOAD,LEGAL_LOCAL_TEMPLATE,bound_composite_rows,CLOSED_PAIR_WRITE
TPL_04509e830dea97f4fad62584,TOK_eb56bd3df44a3666da1ba5ee,SUPPORT,,positive,3,TYPEDRAW_27c4e65a5c6d42e3b79b2a0a,INFRASTRUCTURE,NONLOCAL_NODE,hidden_source_support_rows,SOURCE_SUPPORT_ONLY
TPL_054173dd7674131957f6b216,TOK_5b054c58fd3e9a2dca664102,PAIR,2|9,negative,3,TYPEDRAW_0a216881879a2c1f4a87527f,PAYLOAD,LEGAL_LOCAL_TEMPLATE,bound_composite_rows,CLOSED_PAIR_WRITE
TPL_057e07fb333ab8994f6875d2,TOK_97a4808a85b263d249e43b5d,PAIR,12|9,positive,3,TYPEDRAW_a6c71eb69d4098a6b7e0fa24,PAYLOAD,LEGAL_LOCAL_TEMPLATE,unstable_resonance_rows,CLOSED_PAIR_WRITE
TPL_0863272e546f3eadd728e34e,TOK_569629cafd53a9c3c13e8a6f,UNARY,8,positive,2,TYPEDRAW_5d3cf7fc081d7497e7b2a64d,PAYLOAD,LEGAL_LOCAL_TEMPLATE,unstable_resonance_rows,CLOSED_WRITE
TPL_087a4dd1c65e57c6e8048873,TOK_81ccf9948f0b5c711d1659ba,UNARY,2,positive,2,TYPEDRAW_7707c440e4d03ec8153cfd5f,PAYLOAD,LEGAL_LOCAL_TEMPLATE,antimatter_conjugate_rows,CLOSED_CONJUGATE_WRITE
TPL_09e6e04db362da7cdb725215,TOK_cc1f12d7e135b14113b60b32,UNARY,3,positive,2,TYPEDRAW_9582b89cc66c853bcbbed156,PAYLOAD,LEGAL_LOCAL_TEMPLATE,antimatter_conjugate_rows,CLOSED_CONJUGATE_WRITE
TPL_0ac13fd9870897ac6d4cc5f8,TOK_cf8150edaa7bd5cda911bee4,TRIAD,2|3|9,negative,3,TYPEDRAW_e747b2df651be845f2e328df,PAYLOAD,LEGAL_LOCAL_TEMPLATE,bound_composite_rows,CLOSED_THREE_OWNER_WRITE
TPL_0bf88aa305c0535c99d02c8d,TOK_88b5b323ece31d6498dff93c,TRIAD,3|12|12,negative,0,TYPEDRAW_4ba9e653d011352e54dd8aac,PAYLOAD,LEGAL_LOCAL_TEMPLATE,bound_composite_rows,CLOSED_THREE_OWNER_WRITE
TPL_0c35efc9f6da03e349bc3d2c,TOK_c1821bcd68195270864a37bb,TRIAD,3|4|4,neutral,3,TYPEDRAW_c07ae3de043c4813ccc12bab,PAYLOAD,LEGAL_LOCAL_TEMPLATE,bound_composite_rows,CLOSED_THREE_OWNER_WRITE
TPL_0d658cc09710077790eac635,TOK_569a41cb01ac33461e7f2d32,REJECTED,1|3|8,neutral,0,TYPEDRAW_1666b11f97d154d654613264,REJECTED,REJECTED,bound_composite_rows,REJECT_NEGATIVE_OBSERVED_SURFACE
TPL_0ddf20b6737a09217653acc1,TOK_034ba9120b4732871d2d2fe9,TRIAD,2|8|9,negative,3,TYPEDRAW_30edce880b093d507ff6852d,PAYLOAD,LEGAL_LOCAL_TEMPLATE,bound_composite_rows,CLOSED_THREE_OWNER_WRITE
TPL_1096cc15d3fdedcfe912216b,TOK_d03e6c47b87df617c783889e,TRIAD,1|4|9,negative,3,TYPEDRAW_30bfc901c2f42e8cb7823aae,PAYLOAD,LEGAL_LOCAL_TEMPLATE,bound_composite_rows,CLOSED_THREE_OWNER_WRITE
TPL_10acd2cdc825ccf09d1b140c,TOK_4a84707fb866a33345995f75,PAIR,9|2,positive,3,TYPEDRAW_db968d9f48914540703c93fb,PAYLOAD,LEGAL_LOCAL_TEMPLATE,bound_composite_rows,CLOSED_PAIR_WRITE
TPL_1216587fe46b3a913bd10dbf,TOK_5a4e57b89f2941d8a39c86d6,TRIAD,3|6|12,negative,0,TYPEDRAW_1efe6588c0eae79f5e21f519,PAYLOAD,LEGAL_LOCAL_TEMPLATE,bound_composite_rows,CLOSED_THREE_OWNER_WRITE
TPL_13e4d3b7bd36b91e56ab6b82,TOK_ce7be0c469cc6c073a368cfd,REJECTED,6|6|6,neutral,0,TYPEDRAW_962f141216abf68ecb70e9c1,REJECTED,REJECTED,bound_composite_rows,REJECT_NEGATIVE_OBSERVED_SURFACE
TPL_1412def6b3609100252a87fd,TOK_556cd44e560c09b757f7c74b,PAIR,9|6,positive,3,TYPEDRAW_89a7c10738f40b93aa09e300,PAYLOAD,LEGAL_LOCAL_TEMPLATE,bound_composite_rows,CLOSED_PAIR_WRITE
TPL_141d3677040e580ce6978126,TOK_64fc42dc28dada6663b07c04,TRIAD,8|8|8,positive,0,TYPEDRAW_17df6acb991ef639c12ec58d,PAYLOAD,LEGAL_LOCAL_TEMPLATE,bound_composite_rows,CLOSED_THREE_OWNER_WRITE
TPL_14ffb3a3f7dbdc6fb1290ff6,TOK_520df08a46471b827ba38a85,CARRIER,,neutral,3,TYPEDRAW_c161b1e67fadb1b28faae815,INFRASTRUCTURE,NONLOCAL_NODE,carrier_only_rows,CLOSED_CARRIER_SUPPORT
TPL_155d6162504410cf753908f5,TOK_6a7a024654630e4f3fd8dcb9,PAIR,9|8,positive,3,TYPEDRAW_0d3cb0230cb8d0a81a574737,PAYLOAD,LEGAL_LOCAL_TEMPLATE,bound_composite_rows,CLOSED_PAIR_WRITE
TPL_15fcd6c5cca0ad61c791d65e,TOK_140fe0ef36174d538b4efdd5,UNARY,2,neutral,2,TYPEDRAW_69fb45db4d44eaf25d9929f9,PAYLOAD,LEGAL_LOCAL_TEMPLATE,stable_matter_rows,CLOSED_WRITE
TPL_15ff2bf4d9ebf9da3c72080b,TOK_6dfd22712d3e4c092e1dae8c,PAIR,2|6,negative,3,TYPEDRAW_ac5a5b2a45283d6158f70163,PAYLOAD,LEGAL_LOCAL_TEMPLATE,bound_composite_rows,CLOSED_PAIR_WRITE
TPL_17fca4225c7feb94950a04a7,TOK_df88b3374176d1cc200f6c9f,TRIAD,1|9|9,negative,3,TYPEDRAW_d8b952827fb3d3ad056c7770,PAYLOAD,LEGAL_LOCAL_TEMPLATE,bound_composite_rows,CLOSED_THREE_OWNER_WRITE
TPL_18bcf7dbebf2aa9f11c22906,TOK_247a526fd41ad506d882aeb3,REJECTED,,neutral,0,TYPEDRAW_45c00561a33040b8291efd18,REJECTED,REJECTED,rejected_fake_closures,REJECT_FAKE_PARENT
TPL_1935e0ebfbe7fb09d72fe679,TOK_6cf98fa989f3dd4909ac2a8c,PAIR,4|4,neutral,1,TYPEDRAW_e9164319f16e58d9d1dd930c,PAYLOAD,LEGAL_LOCAL_TEMPLATE,bound_composite_rows,CLOSED_PAIR_WRITE
TPL_19dcdd6fdc21c070157f35e7,TOK_f68ae6a04107eb2f6cff88ee,UNARY,8,neutral,1,TYPEDRAW_249baf7e6e068a6274c5b00d,PAYLOAD,LEGAL_LOCAL_TEMPLATE,stable_matter_rows,CLOSED_WRITE
TPL_19ddadd3f598cc7a595ff437,TOK_990dc6e3e18fdeff22d870a0,UNARY,2,negative,1,TYPEDRAW_b139f3d5473d9485a483bbce,PAYLOAD,LEGAL_LOCAL_TEMPLATE,antimatter_conjugate_rows,CLOSED_CONJUGATE_WRITE
TPL_1b4431891b02c2a33a2c33da,TOK_3c9cdc895c6cdd2008512ab3,TRIAD,2|6|6,negative,3,TYPEDRAW_077dbf4a2e718ce91935d228,PAYLOAD,LEGAL_LOCAL_TEMPLATE,bound_composite_rows,CLOSED_THREE_OWNER_WRITE
TPL_1cc1c2eb1811ae46e9d39e8c,TOK_fe0362b72cca1ee0834d0431,PAIR,3|8,negative,3,TYPEDRAW_ad63e0510c627db03413fc42,PAYLOAD,LEGAL_LOCAL_TEMPLATE,bound_composite_rows,CLOSED_PAIR_WRITE
TPL_1cca7a67625e8bcd526d015a,TOK_8cb9da310a6c2eda7fda08fb,UNARY,2,positive,2,TYPEDRAW_b09b15277c200d3736de357f,PAYLOAD,LEGAL_LOCAL_TEMPLATE,stable_matter_rows,CLOSED_WRITE
TPL_1ccf7de8aaced2977a3deb71,TOK_ffa33d7e050f01f6aee6ed07,SUPPORT,,positive,3,TYPEDRAW_969afebb7d12e5048dd8ff2c,INFRASTRUCTURE,NONLOCAL_NODE,hidden_source_support_rows,SOURCE_SUPPORT_ONLY
TPL_1f08064a2edb1bd16ca39bf5,TOK_6ecbebf0a8e75fda8d3b06de,SUPPORT,,positive,3,TYPEDRAW_378f67a7526b6389d647913a,INFRASTRUCTURE,NONLOCAL_NODE,hidden_source_support_rows,SOURCE_SUPPORT_ONLY
TPL_20fe545c214a5417b1c6b9e0,TOK_040bcfc6458cf4ccc60ecfe0,CARRIER,,neutral,3,TYPEDRAW_20373aa3fb9b80c611b58fd6,INFRASTRUCTURE,NONLOCAL_NODE,carrier_only_rows,CLOSED_CARRIER_SUPPORT
TPL_2118f940be12c8328bbd1436,TOK_f38e2afc6e288b1ed7c1cb03,UNARY,9,negative,0,TYPEDRAW_26cdbe31ad944c1b17da5d89,PAYLOAD,LEGAL_LOCAL_TEMPLATE,antimatter_conjugate_rows,CLOSED_CONJUGATE_WRITE
TPL_2298448fb1fddc1e7532afc0,TOK_360e725ca0ec28eab6672f8e,TRIAD,2|8|8,negative,0,TYPEDRAW_43b5c528ced77ba572221f95,PAYLOAD,LEGAL_LOCAL_TEMPLATE,bound_composite_rows,CLOSED_THREE_OWNER_WRITE
TPL_231e81ee9fe7b75719b02b2a,TOK_78fd1d7a8f0137023ea8f408,TRIAD,1|8|9,negative,0,TYPEDRAW_ae29500710428424d4d93d06,PAYLOAD,LEGAL_LOCAL_TEMPLATE,bound_composite_rows,CLOSED_THREE_OWNER_WRITE
TPL_24109c44bf543e9fde29f80b,TOK_b70120bc7b3fa94c02fee9c3,CARRIER,,neutral,3,TYPEDRAW_7482c6f6a0db41eda0766db7,INFRASTRUCTURE,NONLOCAL_NODE,carrier_only_rows,CLOSED_CARRIER_SUPPORT
TPL_264fb3a35bb7c91c6c2c0a6b,TOK_040a0d0c564e1b2ea0cdab36,UNARY,8,negative,1,TYPEDRAW_298490a5085857d43370d266,PAYLOAD,LEGAL_LOCAL_TEMPLATE,antimatter_conjugate_rows,CLOSED_CONJUGATE_WRITE
TPL_268964936ad998911fe2b4a3,TOK_1d99e2e36eb3ebb446b3314c,TRIAD,1|3|3,negative,3,TYPEDRAW_a164148cff5d1df0fbc87f1e,PAYLOAD,LEGAL_LOCAL_TEMPLATE,bound_composite_rows,CLOSED_THREE_OWNER_WRITE
TPL_2a2ac1f930ab6527b23fbf2e,TOK_ad517642e42bf56332968b52,TRIAD,2|6|12,negative,3,TYPEDRAW_b650cede6a7089dbcd462895,PAYLOAD,LEGAL_LOCAL_TEMPLATE,bound_composite_rows,CLOSED_THREE_OWNER_WRITE
TPL_2b40a36eeb0a2bce4c36c52c,TOK_cf1919031d51013b58e30306,UNARY,12,negative,0,TYPEDRAW_bff902fe96b4f6815f254b72,PAYLOAD,LEGAL_LOCAL_TEMPLATE,stable_matter_rows,CLOSED_WRITE
TPL_2d23dfae6b23a11264d1d05f,TOK_47ff254a92f849976af51aec,UNARY,6,negative,0,TYPEDRAW_71524edd075bc2de36a01286,PAYLOAD,LEGAL_LOCAL_TEMPLATE,stable_matter_rows,CLOSED_WRITE
TPL_2d394f367b2d6e35c80a4e5d,TOK_643a6a64933184da460d3cbf,TRIAD,2|8|12,negative,3,TYPEDRAW_019212fc2b7117883b37e2ec,PAYLOAD,LEGAL_LOCAL_TEMPLATE,bound_composite_rows,CLOSED_THREE_OWNER_WRITE
TPL_2e4581c512dbb08c9467c6ea,TOK_a4c6eebaab11bb3f7e22324c,TRIAD,4|4|8,positive,3,TYPEDRAW_53ba56af0049d24ed0088253,PAYLOAD,LEGAL_LOCAL_TEMPLATE,bound_composite_rows,CLOSED_THREE_OWNER_WRITE
TPL_2ea2c2651533431af8aaec43,TOK_052ff3596fba526808a95b7c,TRIAD,1|2|12,negative,0,TYPEDRAW_df48b885043a7e7467f9cc33,PAYLOAD,LEGAL_LOCAL_TEMPLATE,bound_composite_rows,CLOSED_THREE_OWNER_WRITE
TPL_31debbdfc40006aa6e7667fa,TOK_b63487955cac196a8ca675d6,UNARY,6,positive,1,TYPEDRAW_deaadfa9cedab08df7870c02,PAYLOAD,LEGAL_LOCAL_TEMPLATE,stable_matter_rows,CLOSED_WRITE
TPL_343545ca202c27d63a8b1460,TOK_0353a54ae1805c0bc7b82689,UNARY,2,negative,2,TYPEDRAW_c52fba08e1f610303f5e822e,PAYLOAD,LEGAL_LOCAL_TEMPLATE,stable_matter_rows,CLOSED_WRITE
TPL_347302764fefff0008a50834,TOK_7b27e0a9dfce8e2e96f9138f,TRIAD,8|8|12,neutral,3,TYPEDRAW_41d517111f749e3af268a613,PAYLOAD,LEGAL_LOCAL_TEMPLATE,bound_composite_rows,CLOSED_THREE_OWNER_WRITE
TPL_34fd7e6c0b05e56e4d5685c4,TOK_0f61b84793eb7beaba5f092f,UNARY,12,positive,2,TYPEDRAW_319b4e6ab1e370d8fe62c926,PAYLOAD,LEGAL_LOCAL_TEMPLATE,unstable_resonance_rows,CLOSED_WRITE
TPL_356e41da629869e782a06896,TOK_09cf970a470433ed5b3a7deb,UNARY,4,positive,1,TYPEDRAW_2ce88f109132f3fb367ed048,PAYLOAD,LEGAL_LOCAL_TEMPLATE,antimatter_conjugate_rows,CLOSED_CONJUGATE_WRITE
TPL_39075f06581ac823a7f31508,TOK_d224ae8f18f72f3ed90611cb,UNARY,3,neutral,0,TYPEDRAW_99328adaf951b2e974ac3625,PAYLOAD,LEGAL_LOCAL_TEMPLATE,stable_matter_rows,CLOSED_WRITE
TPL_393b7fe680e4eaf70789ab04,TOK_8befa32bcd79c87cf9e337f6,TRIAD,2|2|3,neutral,3,TYPEDRAW_ed195f1bdd324796e6883c85,PAYLOAD,LEGAL_LOCAL_TEMPLATE,bound_composite_rows,CLOSED_THREE_OWNER_WRITE
TPL_3a5e14c691462e4f7ad89b17,TOK_e343a45c099e487fcc6b274f,UNARY,6,negative,2,TYPEDRAW_1521df454de23c9edac649b9,PAYLOAD,LEGAL_LOCAL_TEMPLATE,stable_matter_rows,CLOSED_WRITE
TPL_3d32edb33bacf4c806344558,TOK_a2363c1d6dbe4c3b0d70093d,UNARY,9,positive,0,TYPEDRAW_3d1cab896c44f5fe7a701b59,PAYLOAD,LEGAL_LOCAL_TEMPLATE,stable_matter_rows,CLOSED_WRITE
TPL_3d64f46078c980fa451b06cd,TOK_378b1fe43d4d985a6f57bec2,UNARY,8,positive,0,TYPEDRAW_138bb62d0d5fcd3d54f2e253,PAYLOAD,LEGAL_LOCAL_TEMPLATE,antimatter_conjugate_rows,CLOSED_CONJUGATE_WRITE
TPL_3ded66214e90e6e41768a269,TOK_e325a200be540a01d08aa453,TRIAD,3|9|12,negative,0,TYPEDRAW_8fe89b36883449881ede69f1,PAYLOAD,LEGAL_LOCAL_TEMPLATE,bound_composite_rows,CLOSED_THREE_OWNER_WRITE
TPL_41a1c0dd7481d8d9364fc31e,TOK_c3afc5fa4a7b2f9380869f09,UNARY,12,neutral,2,TYPEDRAW_94e715fba841af7c8f10acbf,PAYLOAD,LEGAL_LOCAL_TEMPLATE,unstable_resonance_rows,CLOSED_WRITE
TPL_41b859cf6877d67709682f22,TOK_4f175f8df4ca8c0582fc9459,UNARY,4,negative,1,TYPEDRAW_fe049b72244926287c0ed55e,PAYLOAD,LEGAL_LOCAL_TEMPLATE,stable_matter_rows,CLOSED_WRITE
TPL_42f5e69f1291c6009c6378af,TOK_29bc09acc7ce50ec0fc6c010,PAIR,6|12,negative,3,TYPEDRAW_6976e3fd27bf85377e321b3c,PAYLOAD,LEGAL_LOCAL_TEMPLATE,unstable_resonance_rows,CLOSED_PAIR_WRITE
TPL_4332e5dee9a3972236b02f7d,TOK_35b399b42dc5524877c44c5c,REJECTED,2|3|4,neutral,0,TYPEDRAW_64729903820090434104fab1,REJECTED,REJECTED,bound_composite_rows,REJECT_NEGATIVE_OBSERVED_SURFACE
TPL_448dccb7b39167e2ea34d5bf,TOK_e4971acf5cb491fef0ba8f42,UNARY,2,neutral,1,TYPEDRAW_4083c5f72a72b06dfe2c1cad,PAYLOAD,LEGAL_LOCAL_TEMPLATE,stable_matter_rows,CLOSED_WRITE
TPL_455002e038d432679393377e,TOK_106dea09d9dde05f332ce5d9,UNARY,9,positive,0,TYPEDRAW_7cb550aa6dab1a7a272a2b00,PAYLOAD,LEGAL_LOCAL_TEMPLATE,antimatter_conjugate_rows,CLOSED_CONJUGATE_WRITE
TPL_46aaafa417e978f2dca81d16,TOK_878037e87b5bf80764aaf08b,PAIR,8|8,neutral,1,TYPEDRAW_b600382dd4c61066d2dfaca1,PAYLOAD,LEGAL_LOCAL_TEMPLATE,bound_composite_rows,CLOSED_PAIR_WRITE
TPL_46df498fe8a0e225fdfc0d48,TOK_f2c2535058be79a14f46084c,TRIAD,6|8|12,negative,3,TYPEDRAW_8e27f705d864f7983ec838df,PAYLOAD,LEGAL_LOCAL_TEMPLATE,bound_composite_rows,CLOSED_THREE_OWNER_WRITE
TPL_4b303006b5e94683b40b3cab,TOK_5c6c8b87dad33d0dad196b2e,REJECTED,9|9|9,neutral,0,TYPEDRAW_8e426d8ea689279580fc8967,REJECTED,REJECTED,bound_composite_rows,REJECT_NEGATIVE_OBSERVED_SURFACE
TPL_4c61e613f46de25d2ab4f258,TOK_3bd9f82f617648b5ee5930af,TRIAD,2|2|12,neutral,3,TYPEDRAW_774fdb6a26b2eb6749786c2c,PAYLOAD,LEGAL_LOCAL_TEMPLATE,bound_composite_rows,CLOSED_THREE_OWNER_WRITE
TPL_4eaac042a2fd196390f23013,TOK_30c4de440f84f33e7b27fdfc,PAIR,4|1,positive,3,TYPEDRAW_3ff5f577e993a4672d979f31,PAYLOAD,LEGAL_LOCAL_TEMPLATE,bound_composite_rows,CLOSED_PAIR_WRITE
TPL_4ff07fa09136f88135539aa1,TOK_96d1ff05f24e55c6ed6d0bc8,PAIR,8|6,positive,3,TYPEDRAW_3fc10a1c199c71671472457f,PAYLOAD,LEGAL_LOCAL_TEMPLATE,bound_composite_rows,CLOSED_PAIR_WRITE
TPL_5047c569797686dcc05323e1,TOK_141592d087781df4b8d1dd05,UNARY,3,positive,0,TYPEDRAW_eb338bd7acd176a8d6a1e6b5,PAYLOAD,LEGAL_LOCAL_TEMPLATE,stable_matter_rows,CLOSED_WRITE
TPL_5050bc7182fb3505b99e077c,TOK_6d3fe85452330dcf9ffc3d28,PAIR,12|8,positive,3,TYPEDRAW_40d5abafe9c04a879fe2ead8,PAYLOAD,LEGAL_LOCAL_TEMPLATE,unstable_resonance_rows,CLOSED_PAIR_WRITE
TPL_531adcd59de90f961d7f1784,TOK_f1f3539f5af2506f3e081353,PAIR,6|9,negative,3,TYPEDRAW_b299125142f66e40798f3806,PAYLOAD,LEGAL_LOCAL_TEMPLATE,bound_composite_rows,CLOSED_PAIR_WRITE
TPL_5345281071a352e3d9a622d0,TOK_702c665e177a46a0bea405f6,TRIAD,1|3|12,negative,3,TYPEDRAW_80d54b52d51ce0e81496c72b,PAYLOAD,LEGAL_LOCAL_TEMPLATE,bound_composite_rows,CLOSED_THREE_OWNER_WRITE
TPL_53b6795aeefc5f27c517c44f,TOK_878ede83bfb1f4ed61161ed6,PAIR,3|12,negative,3,TYPEDRAW_c9b7801e083f93c064be88c7,PAYLOAD,LEGAL_LOCAL_TEMPLATE,unstable_resonance_rows,CLOSED_PAIR_WRITE
TPL_55124dbc1e9f7533d1763e41,TOK_44dce2955ee2b7d6f922a8b1,UNARY,1,positive,1,TYPEDRAW_00742e72ba01824bb7636545,PAYLOAD,LEGAL_LOCAL_TEMPLATE,stable_matter_rows,CLOSED_WRITE
TPL_57802958e88549166e6f1715,TOK_ab87f40787cda9639ea3ea49,TRIAD,2|9|9,negative,3,TYPEDRAW_df316b5dc31b0cf50397a682,PAYLOAD,LEGAL_LOCAL_TEMPLATE,bound_composite_rows,CLOSED_THREE_OWNER_WRITE
TPL_5888cf9939600c92f59ecc96,TOK_32185c11c2d28adb26083a99,UNARY,1,positive,1,TYPEDRAW_3098baec30c1b925e6708018,PAYLOAD,LEGAL_LOCAL_TEMPLATE,antimatter_conjugate_rows,CLOSED_CONJUGATE_WRITE
TPL_58cfdae6acf2ee6faf1e70f9,TOK_00d00434c0d3fe0ecb8c82c7,TRIAD,3|4|6,negative,3,TYPEDRAW_c79f91bffbeec44d2569e4a7,PAYLOAD,LEGAL_LOCAL_TEMPLATE,bound_composite_rows,CLOSED_THREE_OWNER_WRITE
TPL_5a31a1ceb57f4d861819cf55,TOK_ed05b9b335d56c6aa0952866,UNARY,6,positive,0,TYPEDRAW_afc1f8f3ad07d03f1b624a4e,PAYLOAD,LEGAL_LOCAL_TEMPLATE,stable_matter_rows,CLOSED_WRITE
TPL_5ae9e96adc7526a3b6f2fc30,TOK_2d1440ccfcc074b1cb64ba5b,UNARY,4,positive,0,TYPEDRAW_78069ecbdf8b3920c5d7498c,PAYLOAD,LEGAL_LOCAL_TEMPLATE,antimatter_conjugate_rows,CLOSED_CONJUGATE_WRITE
TPL_5aee903786ad7356789dcfe8,TOK_e39f60bd6354ead1dbcfc2bf,TRIAD,8|8|9,neutral,3,TYPEDRAW_59c312a005e36b22fff9ef03,PAYLOAD,LEGAL_LOCAL_TEMPLATE,bound_composite_rows,CLOSED_THREE_OWNER_WRITE
TPL_5b749944892837dd61fae82e,TOK_1345864ec09dba3f42a2bb35,TRIAD,1|6|9,negative,3,TYPEDRAW_e591863368a1fa07e3fa7897,PAYLOAD,LEGAL_LOCAL_TEMPLATE,bound_composite_rows,CLOSED_THREE_OWNER_WRITE
TPL_5bf8482aea08606e8d6097d1,TOK_f6d64b62e98dfb61e78f91d5,TRIAD,1|1|4,positive,0,TYPEDRAW_643d4e7e5d20bbdfa1560b8a,PAYLOAD,LEGAL_LOCAL_TEMPLATE,bound_composite_rows,CLOSED_THREE_OWNER_WRITE
TPL_5ca3a238db338a4ec6cf4516,TOK_f71d408b43cbbadc9d5320d7,UNARY,2,negative,0,TYPEDRAW_6fc9ad1f3542e799ecd49aee,PAYLOAD,LEGAL_LOCAL_TEMPLATE,stable_matter_rows,CLOSED_WRITE
TPL_5cb6175edfc75d4ca6801048,TOK_657c9a78d286a759a74b753f,PAIR,6|8,negative,3,TYPEDRAW_e8f7a78b4a5fbe80e9eefeac,PAYLOAD,LEGAL_LOCAL_TEMPLATE,bound_composite_rows,CLOSED_PAIR_WRITE
TPL_5cfe96f1de5c2b293a12c844,TOK_70cdbaffb84d4598cb6e53db,TRIAD,1|2|4,neutral,3,TYPEDRAW_0b00ad7111705427bd5fa057,PAYLOAD,LEGAL_LOCAL_TEMPLATE,bound_composite_rows,CLOSED_THREE_OWNER_WRITE
TPL_5f2bc576f263398fa36e29c4,TOK_5ba381bf732054dc9a9e9979,TRIAD,1|6|8,negative,0,TYPEDRAW_6f6e30821fde947bbc6871cb,PAYLOAD,LEGAL_LOCAL_TEMPLATE,bound_composite_rows,CLOSED_THREE_OWNER_WRITE
TPL_6085ed357424a3682221025f,TOK_7ee30ff1bc82e2a0980e2747,UNARY,9,positive,2,TYPEDRAW_626020d2b004520a892e7e39,PAYLOAD,LEGAL_LOCAL_TEMPLATE,unstable_resonance_rows,CLOSED_WRITE
TPL_60c52694e1f1bfede56e11e7,TOK_a7faea3a70552fcca5761445,UNARY,8,negative,1,TYPEDRAW_70f11d7b4227a50e87ef80a9,PAYLOAD,LEGAL_LOCAL_TEMPLATE,stable_matter_rows,CLOSED_WRITE
TPL_61edc7d5ae50a96efc7e6c9b,TOK_06fbf0632ec03c47a549ecbd,UNARY,4,negative,2,TYPEDRAW_aa352e943632be1b786f5833,PAYLOAD,LEGAL_LOCAL_TEMPLATE,stable_matter_rows,CLOSED_WRITE
TPL_626ce2bde1f11a5334a76f89,TOK_84f836f15e51a5be97383595,PAIR,8|1,positive,3,TYPEDRAW_ec8555bffd4f7af7d74dbf2a,PAYLOAD,LEGAL_LOCAL_TEMPLATE,bound_composite_rows,CLOSED_PAIR_WRITE
TPL_62ba877524e971cf1c3530cb,TOK_39c7f739d74fe216181d657a,REJECTED,3|3|6,neutral,0,TYPEDRAW_b52f15c63b521fb95e866118,REJECTED,REJECTED,bound_composite_rows,REJECT_NEGATIVE_OBSERVED_SURFACE
TPL_6359976bf39cde5193b5d5cc,TOK_839392fc2bd5a087580736cf,TRIAD,4|6|9,negative,3,TYPEDRAW_c855e03d5c2aa7f620ef8b50,PAYLOAD,LEGAL_LOCAL_TEMPLATE,bound_composite_rows,CLOSED_THREE_OWNER_WRITE
TPL_63c9954668f325ce374c0dc6,TOK_18e5fe95b9101b39205d106a,TRIAD,2|4|12,negative,0,TYPEDRAW_8b339e64193eeca9f4ebe4f7,PAYLOAD,LEGAL_LOCAL_TEMPLATE,bound_composite_rows,CLOSED_THREE_OWNER_WRITE
TPL_63efdec8fc023d88da92a6a7,TOK_e5857fbaac4cbdaa9e2acbaf,PAIR,2|12,negative,3,TYPEDRAW_61ef696b1530472d4e39c110,PAYLOAD,LEGAL_LOCAL_TEMPLATE,unstable_resonance_rows,CLOSED_PAIR_WRITE
TPL_65722946bf8eacfee93ce4e8,TOK_482c4a4946be580320c10a49,REJECTED,4|6|8,neutral,0,TYPEDRAW_c8d6a4163d60a35b20cc9d74,REJECTED,REJECTED,bound_composite_rows,REJECT_NEGATIVE_OBSERVED_SURFACE
TPL_65e17bef3ce04ac5c983ce81,TOK_788fa9b8d3b3970cd03ec4f5,TRIAD,4|4|6,neutral,3,TYPEDRAW_9b330504c04878b86e6eb835,PAYLOAD,LEGAL_LOCAL_TEMPLATE,bound_composite_rows,CLOSED_THREE_OWNER_WRITE
TPL_6612ac3b0abac52209d1b4bc,TOK_7cfafb7ab07df8a1e0e74c9a,UNARY,3,positive,1,TYPEDRAW_98fad844bcbf91d9d9140b91,PAYLOAD,LEGAL_LOCAL_TEMPLATE,antimatter_conjugate_rows,CLOSED_CONJUGATE_WRITE
TPL_66fb68f02bc70da6f935544e,TOK_70862b4838e57a05384f3025,TRIAD,4|12|12,negative,3,TYPEDRAW_21413dd27c2abcd2cd2f4ce8,PAYLOAD,LEGAL_LOCAL_TEMPLATE,bound_composite_rows,CLOSED_THREE_OWNER_WRITE
TPL_6771a30ae7971bb9009cede0,TOK_1ab550c65b387ef89af07ae5,TRIAD,8|9|12,negative,3,TYPEDRAW_04364dde7b9fcf4236e2f2fb,PAYLOAD,LEGAL_LOCAL_TEMPLATE,bound_composite_rows,CLOSED_THREE_OWNER_WRITE
TPL_67cd23a80259abb00c870de8,TOK_e678e685f4f2d76f8e5a06f8,TRIAD,1|3|4,negative,3,TYPEDRAW_d49273ea1061131ffea68702,PAYLOAD,LEGAL_LOCAL_TEMPLATE,bound_composite_rows,CLOSED_THREE_OWNER_WRITE
TPL_67d59720f0c2e8ebb0802615,TOK_fddd6eb6eec240cd2f3bbd0f,TRIAD,1|1|8,positive,3,TYPEDRAW_1745bac8774e7db079e7e46c,PAYLOAD,LEGAL_LOCAL_TEMPLATE,bound_composite_rows,CLOSED_THREE_OWNER_WRITE
TPL_683262242daf8d2a3d9b0200,TOK_98b8f620e4f22899a2fa884d,PAIR,12|6,positive,3,TYPEDRAW_848617c5fefaddb5dd31af24,PAYLOAD,LEGAL_LOCAL_TEMPLATE,unstable_resonance_rows,CLOSED_PAIR_WRITE
TPL_6aa7a3010e1a90d2de7d5ed3,TOK_60875c93b77925ff04b55f8e,TRIAD,1|4|6,negative,3,TYPEDRAW_07f7132869add3d1e724337d,PAYLOAD,LEGAL_LOCAL_TEMPLATE,bound_composite_rows,CLOSED_THREE_OWNER_WRITE
TPL_6ae0251d60484ed4ccbc4597,TOK_4f1b47806217cc562c160dbb,TRIAD,2|12|12,negative,3,TYPEDRAW_81ecb1b5f8fbf64cd0285ce3,PAYLOAD,LEGAL_LOCAL_TEMPLATE,bound_composite_rows,CLOSED_THREE_OWNER_WRITE
TPL_6ae303ecf68157518ca813ee,TOK_e4fbad0a149b5a25f152f7ec,TRIAD,4|9|12,negative,3,TYPEDRAW_278fdc0b88f8c84405042757,PAYLOAD,LEGAL_LOCAL_TEMPLATE,bound_composite_rows,CLOSED_THREE_OWNER_WRITE
TPL_6c5563a95cba3479f2791ef7,TOK_0fa4fca503305a6150cc8dd9,PAIR,6|3,positive,3,TYPEDRAW_8634a8bdfb4c3ea9268d9784,PAYLOAD,LEGAL_LOCAL_TEMPLATE,bound_composite_rows,CLOSED_PAIR_WRITE
TPL_6e1dec55bebc19dca54cdea5,TOK_d0d51441862226f488fc538a,UNARY,3,positive,0,TYPEDRAW_402c1f81aa1d717e11bd43b5,PAYLOAD,LEGAL_LOCAL_TEMPLATE,antimatter_conjugate_rows,CLOSED_CONJUGATE_WRITE
TPL_6e3c89cf80d94cac31c80cee,TOK_8c47a880f5e045fd17fd4531,UNARY,1,negative,2,TYPEDRAW_c181bc8786e8ca26413c39f3,PAYLOAD,LEGAL_LOCAL_TEMPLATE,antimatter_conjugate_rows,CLOSED_CONJUGATE_WRITE
TPL_6eaa8b8e3e450a51fb8f6290,TOK_cdfecf9c70c4a937232700d1,TRIAD,3|8|9,negative,3,TYPEDRAW_7020c79ba0d85fe151a255d9,PAYLOAD,LEGAL_LOCAL_TEMPLATE,bound_composite_rows,CLOSED_THREE_OWNER_WRITE
TPL_6eddaa518bff39f7492ccc93,TOK_4a4abf0eb04d71a3640410a2,TRIAD,6|9|9,negative,0,TYPEDRAW_ff2aa0026c8b5ea239b971a8,PAYLOAD,LEGAL_LOCAL_TEMPLATE,bound_composite_rows,CLOSED_THREE_OWNER_WRITE
TPL_70dec561a95e62250c7ff4e1,TOK_d373df48c90d5fa442abd3da,UNARY,6,positive,1,TYPEDRAW_4f730bbd20d3a13703caa62b,PAYLOAD,LEGAL_LOCAL_TEMPLATE,antimatter_conjugate_rows,CLOSED_CONJUGATE_WRITE
TPL_71b8edad334e91c10dfd078d,TOK_0db68be671777cb683e37fab,UNARY,3,negative,1,TYPEDRAW_9b7af50056b3c5baa6f972ce,PAYLOAD,LEGAL_LOCAL_TEMPLATE,antimatter_conjugate_rows,CLOSED_CONJUGATE_WRITE
TPL_71e4292e3f482fbee066e1e3,TOK_fd1ccbbf0df337fc15a91a71,UNARY,1,negative,1,TYPEDRAW_29b588f29a0d15bb447460af,PAYLOAD,LEGAL_LOCAL_TEMPLATE,antimatter_conjugate_rows,CLOSED_CONJUGATE_WRITE
TPL_72c125cf3856661623e3d735,TOK_d6eb3ecbc26c38ac2d81dd3a,PAIR,4|2,positive,3,TYPEDRAW_c504367122586f2eaa0fa1e5,PAYLOAD,LEGAL_LOCAL_TEMPLATE,bound_composite_rows,CLOSED_PAIR_WRITE
TPL_72cecc31d0179d237adbba2d,TOK_27594b6bce6cd8c530870b06,PAIR,12|4,positive,3,TYPEDRAW_4ac79dd1e419113ea6e087ed,PAYLOAD,LEGAL_LOCAL_TEMPLATE,unstable_resonance_rows,CLOSED_PAIR_WRITE
TPL_737670f59dfc0145d8e71188,TOK_a26c2168ea9f1e881c65c8f0,UNARY,4,negative,1,TYPEDRAW_bf7087121f2fa76d1c31c54f,PAYLOAD,LEGAL_LOCAL_TEMPLATE,antimatter_conjugate_rows,CLOSED_CONJUGATE_WRITE
TPL_73c61350b4bbb6de4afdaed4,TOK_87417cc60cc74e964d84e5c6,REJECTED,,neutral,0,TYPEDRAW_45c00561a33040b8291efd18,REJECTED,REJECTED,rejected_fake_closures,REJECT_DIRECT_QA_AS_MASS
TPL_74a4063238305e1f612af188,TOK_1399fec107d2987eee897d14,PAIR,4|9,negative,3,TYPEDRAW_3da3487bb730901d05cf7cc6,PAYLOAD,LEGAL_LOCAL_TEMPLATE,bound_composite_rows,CLOSED_PAIR_WRITE
TPL_74be860e3a63c56318ee6f92,TOK_0f97dbbf316bf78b84ec0095,SUPPORT,,positive,3,TYPEDRAW_b00ca890086b397012c1b503,INFRASTRUCTURE,NONLOCAL_NODE,hidden_source_support_rows,SOURCE_SUPPORT_ONLY
TPL_756f5f9ad0764c6e7a4e2e07,TOK_8173c519e4c194091398088b,UNARY,6,negative,2,TYPEDRAW_f1b0bc484a8e79d60c251bd1,PAYLOAD,LEGAL_LOCAL_TEMPLATE,antimatter_conjugate_rows,CLOSED_CONJUGATE_WRITE
TPL_76188933c7f988b15213fc82,TOK_c8bcb8bdef63056faee8e557,TRIAD,1|4|4,negative,0,TYPEDRAW_851498722aba00c86feff9f9,PAYLOAD,LEGAL_LOCAL_TEMPLATE,bound_composite_rows,CLOSED_THREE_OWNER_WRITE
TPL_77e259d2b77161222bb75cab,TOK_22b2bec5ef832da6ddf6b042,TRIAD,3|8|8,negative,3,TYPEDRAW_e3eb87fd3996848fa72c2c1a,PAYLOAD,LEGAL_LOCAL_TEMPLATE,bound_composite_rows,CLOSED_THREE_OWNER_WRITE
TPL_78230db5afbb93ffa7971fcd,TOK_e133051f7187ada815a326b3,PAIR,6|2,positive,3,TYPEDRAW_41a2896ce9dce16d931eca22,PAYLOAD,LEGAL_LOCAL_TEMPLATE,bound_composite_rows,CLOSED_PAIR_WRITE
TPL_793a3d125344645286158aa4,TOK_88372b89d4f0fea66520d968,UNARY,1,negative,0,TYPEDRAW_397b810ed59b0ecb1f4a88a7,PAYLOAD,LEGAL_LOCAL_TEMPLATE,antimatter_conjugate_rows,CLOSED_CONJUGATE_WRITE
TPL_7942c201cd330069ac23b186,TOK_d2fa3f5492d2a31a298396b6,TRIAD,1|1|2,positive,3,TYPEDRAW_f4a5a5c130daa0c498057385,PAYLOAD,LEGAL_LOCAL_TEMPLATE,bound_composite_rows,CLOSED_THREE_OWNER_WRITE
TPL_799a9189b5846009393d2799,TOK_106ee66b792f3f7952264242,REJECTED,9|9|12,neutral,0,TYPEDRAW_562b32506f56a88731411156,REJECTED,REJECTED,bound_composite_rows,REJECT_NEGATIVE_OBSERVED_SURFACE
TPL_799ce618c8422f49063f6c94,TOK_feb3527d15854988151c9cbe,UNARY,8,positive,1,TYPEDRAW_05ae3195739678991ec83bfa,PAYLOAD,LEGAL_LOCAL_TEMPLATE,stable_matter_rows,CLOSED_WRITE
TPL_79b46f9272ea2c8b407b075a,TOK_015c560e1a10aa4d5293673c,UNARY,6,positive,0,TYPEDRAW_4f02112be1b431622f2f9836,PAYLOAD,LEGAL_LOCAL_TEMPLATE,antimatter_conjugate_rows,CLOSED_CONJUGATE_WRITE
TPL_7bc50a375be629b31452f24e,TOK_4d55921e79edee852ae62bdc,TRIAD,4|4|9,neutral,3,TYPEDRAW_a936f028b61291747559ff69,PAYLOAD,LEGAL_LOCAL_TEMPLATE,bound_composite_rows,CLOSED_THREE_OWNER_WRITE
TPL_7be0983b66006febc905e0d0,TOK_0f35bc2f0d811c9c91ad6dd0,UNARY,1,positive,2,TYPEDRAW_2f30ee8070e51f7435ca4822,PAYLOAD,LEGAL_LOCAL_TEMPLATE,stable_matter_rows,CLOSED_WRITE
TPL_7c26a3530825c1fc03c3728d,TOK_4770d8a426377a41466d1080,UNARY,2,positive,0,TYPEDRAW_5173cdc6d87972edfdcf9177,PAYLOAD,LEGAL_LOCAL_TEMPLATE,stable_matter_rows,CLOSED_WRITE
TPL_7c92d3cf58ae72b6bfba0f54,TOK_4f0713f99b3a13c011ce5281,UNARY,3,negative,0,TYPEDRAW_d6eb0187fe2113cf97e0a3d3,PAYLOAD,LEGAL_LOCAL_TEMPLATE,stable_matter_rows,CLOSED_WRITE
TPL_7cb277960d08869ae6ac243c,TOK_f9df88fdbf724da9a06a8ab4,PAIR,4|6,negative,3,TYPEDRAW_9c8a51080b9d395c20f5f019,PAYLOAD,LEGAL_LOCAL_TEMPLATE,bound_composite_rows,CLOSED_PAIR_WRITE
TPL_7cd5e6d29fe599bfd79af649,TOK_ab40bb9c08bea87e1dd0b43d,TRIAD,1|6|12,negative,3,TYPEDRAW_e2f14862f03bbbe8c829c492,PAYLOAD,LEGAL_LOCAL_TEMPLATE,bound_composite_rows,CLOSED_THREE_OWNER_WRITE
TPL_7de9f0c77f37c7f48af4e11d,TOK_9e7bc96d2c91e38634bc07c1,PAIR,12|2,positive,3,TYPEDRAW_b5f9b8b5cfbfe371c6f8cb7f,PAYLOAD,LEGAL_LOCAL_TEMPLATE,unstable_resonance_rows,CLOSED_PAIR_WRITE
TPL_7eeb84e0d06f3be1f80e149a,TOK_7c6de937b38c751f33ee6073,TRIAD,2|4|4,negative,3,TYPEDRAW_205721de49dfa906d8ef9a57,PAYLOAD,LEGAL_LOCAL_TEMPLATE,bound_composite_rows,CLOSED_THREE_OWNER_WRITE
TPL_7efad8d7ba90ef2da20cd886,TOK_877d0d3a4bddda2f0c373bd2,UNARY,12,negative,2,TYPEDRAW_0cc1926161bf23a6b69d7c7b,PAYLOAD,LEGAL_LOCAL_TEMPLATE,unstable_resonance_rows,CLOSED_WRITE
TPL_7efc32f5ed8344843e426e4c,TOK_856d05c2a1bd8ff06e038fbc,TRIAD,1|4|12,negative,3,TYPEDRAW_f65d12ec9a032ba19f5dc6fb,PAYLOAD,LEGAL_LOCAL_TEMPLATE,bound_composite_rows,CLOSED_THREE_OWNER_WRITE
TPL_7f686fbef0701a7ec87a6182,TOK_fbad6ffbd6c4ff2ceef29fea,UNARY,12,neutral,0,TYPEDRAW_616002513fd1ff423e3bd8f0,PAYLOAD,LEGAL_LOCAL_TEMPLATE,stable_matter_rows,CLOSED_WRITE
TPL_804752ff46d97784e910219c,TOK_cc014d1b09b298bdf49e6473,TRIAD,8|9|9,negative,3,TYPEDRAW_39201afe465f3790b8ced760,PAYLOAD,LEGAL_LOCAL_TEMPLATE,bound_composite_rows,CLOSED_THREE_OWNER_WRITE
TPL_80fd8b1ea160dd867ee4d226,TOK_4a9f199b1e4c95a2c1b2a3f8,TRIAD,1|4|8,negative,3,TYPEDRAW_de428b9e4e62788d07c72f98,PAYLOAD,LEGAL_LOCAL_TEMPLATE,bound_composite_rows,CLOSED_THREE_OWNER_WRITE
TPL_81490e932eb2b9b378ab040f,TOK_5c5097e251e55581c67f6846,UNARY,2,neutral,0,TYPEDRAW_9f1e6727fe32a7f26da3155e,PAYLOAD,LEGAL_LOCAL_TEMPLATE,stable_matter_rows,CLOSED_WRITE
TPL_81492bcbe1ba795a5022ade5,TOK_dfcce074bf098cfc72bc435e,UNARY,8,positive,0,TYPEDRAW_7200f58daaa0faaf4ff3ab61,PAYLOAD,LEGAL_LOCAL_TEMPLATE,stable_matter_rows,CLOSED_WRITE
TPL_8236835483db0f4b51d86f5f,TOK_0c38ab8de6d90aecc0794130,UNARY,4,positive,2,TYPEDRAW_d8a12cebae9265e368f3bd0c,PAYLOAD,LEGAL_LOCAL_TEMPLATE,antimatter_conjugate_rows,CLOSED_CONJUGATE_WRITE
TPL_82c4cdff25314c9699ffcc52,TOK_e912130f5dce597d96e54839,UNARY,1,positive,0,TYPEDRAW_8bf4f420688bd8ea0a3e192a,PAYLOAD,LEGAL_LOCAL_TEMPLATE,stable_matter_rows,CLOSED_WRITE
TPL_832039c357407f9da80b7001,TOK_e16e81299e39ab32884e05fd,TRIAD,1|6|6,negative,3,TYPEDRAW_7ef77fcf12c8210c4eacebe0,PAYLOAD,LEGAL_LOCAL_TEMPLATE,bound_composite_rows,CLOSED_THREE_OWNER_WRITE
TPL_83847f5d8d88344a26490197,TOK_d625eb53abd04de9ba52aebf,TRIAD,2|2|4,positive,3,TYPEDRAW_63b372ac6644dc125185fe51,PAYLOAD,LEGAL_LOCAL_TEMPLATE,bound_composite_rows,CLOSED_THREE_OWNER_WRITE
TPL_84474ecd0bb0f291b87a905f,TOK_1f7cfd80809b1f3541682a88,UNARY,3,negative,0,TYPEDRAW_85216e28c9a1c3aafb2b1bac,PAYLOAD,LEGAL_LOCAL_TEMPLATE,antimatter_conjugate_rows,CLOSED_CONJUGATE_WRITE
TPL_84afb3d6305e8b457a6e5adf,TOK_b06dcb5241532444618882f5,UNARY,4,neutral,2,TYPEDRAW_a9225681afd1f1744d371dab,PAYLOAD,LEGAL_LOCAL_TEMPLATE,stable_matter_rows,CLOSED_WRITE
TPL_85341880ba01af2257496c6a,TOK_c9b377ec7be86d18b8d077e9,PAIR,8|2,positive,3,TYPEDRAW_e258ec7a8aebbd389dde9464,PAYLOAD,LEGAL_LOCAL_TEMPLATE,bound_composite_rows,CLOSED_PAIR_WRITE
TPL_853c1ae1f44d2a49f820edf7,TOK_84d553707b5a02cba206ee42,PAIR,3|4,negative,3,TYPEDRAW_7787c9a9e004289e15aaf404,PAYLOAD,LEGAL_LOCAL_TEMPLATE,bound_composite_rows,CLOSED_PAIR_WRITE
TPL_854a8a118d6cd6762ab4cbd8,TOK_a03f72cd2be7c51fcd30b7e4,TRIAD,3|4|9,negative,3,TYPEDRAW_c239ed1cb024e316b7f8ed60,PAYLOAD,LEGAL_LOCAL_TEMPLATE,bound_composite_rows,CLOSED_THREE_OWNER_WRITE
TPL_87843d12de9af4e572a6fe82,TOK_d1187e6f5127f3b7490a01d8,REJECTED,,neutral,0,TYPEDRAW_45c00561a33040b8291efd18,REJECTED,REJECTED,rejected_fake_closures,REJECT_NO_SURFACE_STACK
TPL_8878b57d7cf54c88773f559d,TOK_9ef3537e4344c5e27e71a64c,TRIAD,3|6|6,negative,0,TYPEDRAW_3ad863c5a67ffd778244846a,PAYLOAD,LEGAL_LOCAL_TEMPLATE,bound_composite_rows,CLOSED_THREE_OWNER_WRITE
TPL_88d25fe01d9af32aebad6e51,TOK_6bcbb90e2819d0aca2bf4a41,UNARY,4,negative,0,TYPEDRAW_05e1bda5309a448b049a5693,PAYLOAD,LEGAL_LOCAL_TEMPLATE,antimatter_conjugate_rows,CLOSED_CONJUGATE_WRITE
TPL_899dc57bec1896eeeef239ae,TOK_d48438db8d72685209a8f65e,UNARY,9,neutral,1,TYPEDRAW_4509a1055f321f343abdc215,PAYLOAD,LEGAL_LOCAL_TEMPLATE,stable_matter_rows,CLOSED_WRITE
TPL_89a1688fd2fe63764d85bb52,TOK_1d1babf695240704564e59ef,TRIAD,1|2|3,negative,0,TYPEDRAW_25c53478cef56ed14ff799ac,PAYLOAD,LEGAL_LOCAL_TEMPLATE,bound_composite_rows,CLOSED_THREE_OWNER_WRITE
TPL_8a1f435bbc944f6894cb1be5,TOK_243cffcf56456a4af515c2f3,TRIAD,1|2|2,positive,3,TYPEDRAW_a159cbebaca0b738b80e85d7,PAYLOAD,LEGAL_LOCAL_TEMPLATE,bound_composite_rows,CLOSED_THREE_OWNER_WRITE
TPL_8a2dfdc30f5e63ff12a434ca,TOK_93300eeacfb1c2677f6bf00b,TRIAD,2|2|9,neutral,3,TYPEDRAW_4d22874d45b937fbfbe8d80a,PAYLOAD,LEGAL_LOCAL_TEMPLATE,bound_composite_rows,CLOSED_THREE_OWNER_WRITE
TPL_8c9c2797cee6a6c69d9eaf3b,TOK_6ccb08ffe60967b370e6e7ff,TRIAD,1|3|9,negative,3,TYPEDRAW_048a6dc7d5d5ee52c8e88033,PAYLOAD,LEGAL_LOCAL_TEMPLATE,bound_composite_rows,CLOSED_THREE_OWNER_WRITE
TPL_8cd5287d9e7c8938afd8f62e,TOK_290cf18286eec5c7be0a971a,UNARY,4,neutral,1,TYPEDRAW_15ddc908d88d962ee11668f6,PAYLOAD,LEGAL_LOCAL_TEMPLATE,stable_matter_rows,CLOSED_WRITE
TPL_8d19b9e0c83125adc83a542c,TOK_78f9fd43c12d5b752034ea8f,PAIR,6|1,positive,3,TYPEDRAW_4bbcb706fade47df886ef77e,PAYLOAD,LEGAL_LOCAL_TEMPLATE,bound_composite_rows,CLOSED_PAIR_WRITE
TPL_8d5bb6154baae7b31a354b9c,TOK_a9411862084d2a5905f531cc,TRIAD,3|4|8,positive,0,TYPEDRAW_30898ae017851a0d7b1a27c0,PAYLOAD,LEGAL_LOCAL_TEMPLATE,bound_composite_rows,CLOSED_THREE_OWNER_WRITE
TPL_8e12f72156a13b4487df6014,TOK_afc28b7efe412f237f3f7e3a,UNARY,1,positive,0,TYPEDRAW_77c36984dcbebac3c8f51ac6,PAYLOAD,LEGAL_LOCAL_TEMPLATE,antimatter_conjugate_rows,CLOSED_CONJUGATE_WRITE
TPL_8e5f2ce5b23f91021304506a,TOK_12da1452e771bc64cfd3935c,PAIR,2|8,negative,3,TYPEDRAW_9988ec11e1db9893937ca8a1,PAYLOAD,LEGAL_LOCAL_TEMPLATE,bound_composite_rows,CLOSED_PAIR_WRITE
TPL_8e7a05736bf321c117f6365c,TOK_312a28e0873404a710d38ffc,PAIR,9|9,neutral,1,TYPEDRAW_320e226284b35a69dccc217c,PAYLOAD,LEGAL_LOCAL_TEMPLATE,bound_composite_rows,CLOSED_PAIR_WRITE
TPL_8f611c1d18a17a97476548e4,TOK_d319793e4c42b304b23153fe,REJECTED,12|12|12,neutral,0,TYPEDRAW_32373ef58f2b321375a7e81f,REJECTED,REJECTED,bound_composite_rows,REJECT_NEGATIVE_OBSERVED_SURFACE
TPL_90b3979f84e39a4fd3faa72f,TOK_c701ce2cdf572c74145ede72,PAIR,2|1,positive,3,TYPEDRAW_cc9b196a3bb2f73c81e994a3,PAYLOAD,LEGAL_LOCAL_TEMPLATE,bound_composite_rows,CLOSED_PAIR_WRITE
TPL_91e9d3734286fd4369e5e9ba,TOK_63dd90f296b721eb4532c60f,TRIAD,2|9|12,negative,3,TYPEDRAW_7aa6a767d5621a38209a459c,PAYLOAD,LEGAL_LOCAL_TEMPLATE,bound_composite_rows,CLOSED_THREE_OWNER_WRITE
TPL_92e22cee34fc093084a0d553,TOK_2d7b81f6d7339978febd63f1,UNARY,3,negative,1,TYPEDRAW_ae934520a6402fe50159cf7d,PAYLOAD,LEGAL_LOCAL_TEMPLATE,stable_matter_rows,CLOSED_WRITE
TPL_934a5b943c0fce2ecc9be289,TOK_8c1792ca8550718d57973113,REJECTED,3|3|3,neutral,0,TYPEDRAW_e6bc34036aeaf24685e1c0b0,REJECTED,REJECTED,bound_composite_rows,REJECT_NEGATIVE_OBSERVED_SURFACE
TPL_9632d8144977b337058644a8,TOK_b43ff35d93c8363786bbc4de,CARRIER,,neutral,3,TYPEDRAW_8477e657eb79c507d667e6e0,INFRASTRUCTURE,NONLOCAL_NODE,carrier_only_rows,CLOSED_CARRIER_SUPPORT
TPL_9741550973af3f3a05fb3daa,TOK_2c3b5032c1b0b09744bce330,UNARY,9,negative,2,TYPEDRAW_bff0c2389cc485842e68303e,PAYLOAD,LEGAL_LOCAL_TEMPLATE,unstable_resonance_rows,CLOSED_WRITE
TPL_97fcb4e552f448df7f17804f,TOK_3021f741fb38287cc5197e11,TRIAD,1|12|12,negative,3,TYPEDRAW_475bcc896721346db76cae92,PAYLOAD,LEGAL_LOCAL_TEMPLATE,bound_composite_rows,CLOSED_THREE_OWNER_WRITE
TPL_99d2eb5d38a02a0a0a710390,TOK_20d3f9fc4c469232ef17abf0,UNARY,2,positive,0,TYPEDRAW_c77bcf4fe606289e5ce1f192,PAYLOAD,LEGAL_LOCAL_TEMPLATE,antimatter_conjugate_rows,CLOSED_CONJUGATE_WRITE
TPL_99ea2965a5b67fcd0e857d2b,TOK_b219f6bd45b35ded14e0341c,PAIR,1|4,negative,3,TYPEDRAW_4b2a5e6d26250eb372800ca4,PAYLOAD,LEGAL_LOCAL_TEMPLATE,bound_composite_rows,CLOSED_PAIR_WRITE
TPL_9acafb8abf05a101f987cbfd,TOK_c505acbccb4c67434d418142,PAIR,12|3,positive,3,TYPEDRAW_fa32af545533bf37a72119e5,PAYLOAD,LEGAL_LOCAL_TEMPLATE,unstable_resonance_rows,CLOSED_PAIR_WRITE
TPL_9b78cf93f60430d541ff20d6,TOK_81d402ba90bd7b445656b005,PAIR,3|9,negative,3,TYPEDRAW_3efdb6e60f577766e54c6460,PAYLOAD,LEGAL_LOCAL_TEMPLATE,bound_composite_rows,CLOSED_PAIR_WRITE
TPL_9bd7df3268112829572843c4,TOK_7f1fd21b7fe4f800281c633a,TRIAD,1|2|9,negative,0,TYPEDRAW_0e7000e2ee735be4e4ec4019,PAYLOAD,LEGAL_LOCAL_TEMPLATE,bound_composite_rows,CLOSED_THREE_OWNER_WRITE
TPL_9bf0e03dd977fe958b790cc9,TOK_cc8613b171d1809b60a46243,UNARY,1,negative,0,TYPEDRAW_a89b6afb9c834a9687528a32,PAYLOAD,LEGAL_LOCAL_TEMPLATE,stable_matter_rows,CLOSED_WRITE
TPL_9c413849529ad24df1d9101a,TOK_eb16d3376ed1f7b006a5a984,UNARY,12,positive,0,TYPEDRAW_a10f18b396ca6413a3a506cd,PAYLOAD,LEGAL_LOCAL_TEMPLATE,antimatter_conjugate_rows,CLOSED_CONJUGATE_WRITE
TPL_9c4ec5ef7926f4b6e6c3c2a2,TOK_d1587ff30d72d0d6aba5ad40,PAIR,3|3,neutral,1,TYPEDRAW_c38fa0b1cbdfcd9acb16a4e9,PAYLOAD,LEGAL_LOCAL_TEMPLATE,bound_composite_rows,CLOSED_PAIR_WRITE
TPL_9d3e5ce67be8cb85501412e6,TOK_fcf2b1e29e71b30a26efe964,UNARY,1,negative,2,TYPEDRAW_6174bba598569b947a162a20,PAYLOAD,LEGAL_LOCAL_TEMPLATE,stable_matter_rows,CLOSED_WRITE
TPL_9e3b65f86c3ff40fe599c96d,TOK_0d05c3382002e0fe5b3b30d3,TRIAD,6|6|8,positive,3,TYPEDRAW_a2b1f04aac315fef4185dff9,PAYLOAD,LEGAL_LOCAL_TEMPLATE,bound_composite_rows,CLOSED_THREE_OWNER_WRITE
TPL_9f048d5189435e1fa608fa71,TOK_7170c2eee4f626ce4b045f4e,UNARY,12,negative,1,TYPEDRAW_f6ccd7b73c3c7e6889fd7225,PAYLOAD,LEGAL_LOCAL_TEMPLATE,antimatter_conjugate_rows,CLOSED_CONJUGATE_WRITE
TPL_9f0fcff206ad4308202a8653,TOK_6e4bf67933bfcbe62c0adce3,TRIAD,8|12|12,negative,3,TYPEDRAW_97328be9c271205bd521941b,PAYLOAD,LEGAL_LOCAL_TEMPLATE,bound_composite_rows,CLOSED_THREE_OWNER_WRITE
TPL_9ff896f785b8b23170e8378f,TOK_826a893c98b42ef77a79702e,UNARY,8,negative,0,TYPEDRAW_8f19229a986dcc48c7d6e049,PAYLOAD,LEGAL_LOCAL_TEMPLATE,stable_matter_rows,CLOSED_WRITE
TPL_a04e04227e31719cd06a72f0,TOK_46a53d13976edf899b6e4be8,PAIR,2|4,negative,3,TYPEDRAW_b74f3afd3d955147f5402b1c,PAYLOAD,LEGAL_LOCAL_TEMPLATE,bound_composite_rows,CLOSED_PAIR_WRITE
TPL_a05ff98271408bbac56c0746,TOK_5f0172ebbdd173fca9964e94,PAIR,4|3,positive,3,TYPEDRAW_aed8cc6cc13f37fc0cda7bd5,PAYLOAD,LEGAL_LOCAL_TEMPLATE,bound_composite_rows,CLOSED_PAIR_WRITE
TPL_a10acf32a05243d0f86ce735,TOK_c042e91d104ede160c74cbf6,UNARY,4,positive,0,TYPEDRAW_20e220fff8c26c2b7bf592d1,PAYLOAD,LEGAL_LOCAL_TEMPLATE,stable_matter_rows,CLOSED_WRITE
TPL_a144a8e7ab558f355d8af0d7,TOK_b6c6d24726ffac391cb3e059,TRIAD,2|2|2,positive,0,TYPEDRAW_5dba9786ca64961a536e6177,PAYLOAD,LEGAL_LOCAL_TEMPLATE,bound_composite_rows,CLOSED_THREE_OWNER_WRITE
TPL_a48194aa362286b1c8ef419a,TOK_671c73b6dd5985a4b7f7b054,PAIR,8|12,negative,3,TYPEDRAW_75ae39c409c55e5ecfa329c0,PAYLOAD,LEGAL_LOCAL_TEMPLATE,unstable_resonance_rows,CLOSED_PAIR_WRITE
TPL_a4cf8cae4b845652423eeb4a,TOK_a9ba0373145f13d14e35c53a,TRIAD,6|8|9,negative,3,TYPEDRAW_0c49c0cb2005b7f2a2c63b16,PAYLOAD,LEGAL_LOCAL_TEMPLATE,bound_composite_rows,CLOSED_THREE_OWNER_WRITE
TPL_a517db5261b746db1feef4e1,TOK_4a22dff128be367bbd944757,CARRIER,,neutral,3,TYPEDRAW_cedc938d48a2509d1d92017b,INFRASTRUCTURE,NONLOCAL_NODE,carrier_only_rows,CLOSED_CARRIER_SUPPORT
TPL_a522c1c36d35480d951d5201,TOK_5cabd1068f454f6b9e75dc6d,UNARY,2,negative,1,TYPEDRAW_14a6c1dfba7939cf6a85c7f2,PAYLOAD,LEGAL_LOCAL_TEMPLATE,stable_matter_rows,CLOSED_WRITE
TPL_a700162e485d50053c9053a0,TOK_d8995bdc6ce561d45fcdfa43,TRIAD,9|12|12,negative,0,TYPEDRAW_74f73662686246df0fa3b02c,PAYLOAD,LEGAL_LOCAL_TEMPLATE,bound_composite_rows,CLOSED_THREE_OWNER_WRITE
TPL_a82f5dc7c01a4a9b9296919c,TOK_3b2cc7efb3c04d75c4664f76,UNARY,6,negative,1,TYPEDRAW_c75c53847cd263db6bc56407,PAYLOAD,LEGAL_LOCAL_TEMPLATE,antimatter_conjugate_rows,CLOSED_CONJUGATE_WRITE
TPL_a89b5c38efeb69941abae6c3,TOK_ca65f5635bb896fd6673eb24,TRIAD,4|8|9,negative,0,TYPEDRAW_075adaa3a07b66a2dc966477,PAYLOAD,LEGAL_LOCAL_TEMPLATE,bound_composite_rows,CLOSED_THREE_OWNER_WRITE
TPL_aa3c5aa4105d778a4ff27580,TOK_724e96ece4cbd0bd51c2133b,REJECTED,3|3|12,neutral,0,TYPEDRAW_4fb68ca0b7332a47d1ec1100,REJECTED,REJECTED,bound_composite_rows,REJECT_NEGATIVE_OBSERVED_SURFACE
TPL_aaa6a8474baca0b03771f479,TOK_9099245a36574c820e2d25de,UNARY,4,neutral,0,TYPEDRAW_beffd24f4414f1046fcc5d7c,PAYLOAD,LEGAL_LOCAL_TEMPLATE,stable_matter_rows,CLOSED_WRITE
TPL_aba6533e14bf985b2b17dfa2,TOK_2de33c8830078571fcd221ff,TRIAD,6|9|12,negative,0,TYPEDRAW_045bec3894715836611957ff,PAYLOAD,LEGAL_LOCAL_TEMPLATE,bound_composite_rows,CLOSED_THREE_OWNER_WRITE
TPL_aba7ee042a53719d771a25bd,TOK_ef0b036a7d7fdb770e73779a,UNARY,8,negative,2,TYPEDRAW_65e8448e8e88e32f0d7e7b3f,PAYLOAD,LEGAL_LOCAL_TEMPLATE,unstable_resonance_rows,CLOSED_WRITE
TPL_ac204c80a35312794cb07902,TOK_62da9b58f4d3d5002e1771b7,TRIAD,1|8|12,negative,0,TYPEDRAW_176eab94af7c22dc0409ee6b,PAYLOAD,LEGAL_LOCAL_TEMPLATE,bound_composite_rows,CLOSED_THREE_OWNER_WRITE
TPL_ac9cb0661753a4b0ad0ee989,TOK_eceace391c1557a825eddcbe,UNARY,6,negative,1,TYPEDRAW_5bbaf835d305cfa8dc5e2222,PAYLOAD,LEGAL_LOCAL_TEMPLATE,stable_matter_rows,CLOSED_WRITE
TPL_adafb1345d3e96d82f9387cd,TOK_65c0580ecf8a216333b3e22b,TRIAD,1|1|9,neutral,3,TYPEDRAW_6a2dbfd2e7baaa4899c89b83,PAYLOAD,LEGAL_LOCAL_TEMPLATE,bound_composite_rows,CLOSED_THREE_OWNER_WRITE
TPL_ae637e4aa6ac2e30c7e845d7,TOK_43ea7c3319c1e729462d3dfb,PAIR,4|12,negative,3,TYPEDRAW_f3cc6fffb0d9607ccc3cb3c4,PAYLOAD,LEGAL_LOCAL_TEMPLATE,unstable_resonance_rows,CLOSED_PAIR_WRITE
TPL_ae8a4a302f427c51b3de79bb,TOK_0b448f8a98326c68eea440e3,UNARY,4,negative,2,TYPEDRAW_0ea1dba366237095627456df,PAYLOAD,LEGAL_LOCAL_TEMPLATE,antimatter_conjugate_rows,CLOSED_CONJUGATE_WRITE
TPL_aec4f3248077011ff4b1652c,TOK_63385e463b4a7e77d3c534eb,UNARY,8,positive,1,TYPEDRAW_483c799dea758391ddd3e75f,PAYLOAD,LEGAL_LOCAL_TEMPLATE,antimatter_conjugate_rows,CLOSED_CONJUGATE_WRITE
TPL_af7739241786b38fb6cec8f9,TOK_7ffeb4ab344105d1d49b1611,REJECTED,3|3|9,neutral,0,TYPEDRAW_4ba728bb1e7a73b1bb3023a9,REJECTED,REJECTED,bound_composite_rows,REJECT_NEGATIVE_OBSERVED_SURFACE
TPL_afef258560750c0b014d42d0,TOK_bdd03d843656a01cc163305d,UNARY,2,negative,0,TYPEDRAW_7deb26c1ad56717668ddcfa5,PAYLOAD,LEGAL_LOCAL_TEMPLATE,antimatter_conjugate_rows,CLOSED_CONJUGATE_WRITE
TPL_b107f13980cf900866675b2f,TOK_ca1a4fa8963f8e10ff2b51f8,UNARY,12,negative,0,TYPEDRAW_c6c38bfa7db04f6c059383ad,PAYLOAD,LEGAL_LOCAL_TEMPLATE,antimatter_conjugate_rows,CLOSED_CONJUGATE_WRITE
TPL_b1d44c18d3aeaa51f5c51ca0,TOK_2726b93a36c7faed8642014f,UNARY,9,negative,0,TYPEDRAW_6a3e11437bb96a27df32d4b1,PAYLOAD,LEGAL_LOCAL_TEMPLATE,stable_matter_rows,CLOSED_WRITE
TPL_b1e637f6715e57a072b16d0a,TOK_558a5b0550d0a6275f06615d,PAIR,6|4,positive,3,TYPEDRAW_9d22c16a905d5078b10cb11b,PAYLOAD,LEGAL_LOCAL_TEMPLATE,bound_composite_rows,CLOSED_PAIR_WRITE
TPL_b22fbe8ddcd5913375948bda,TOK_b95113e93847b86431b64e8b,UNARY,1,negative,1,TYPEDRAW_8df83c5ced2c47d21bd22bee,PAYLOAD,LEGAL_LOCAL_TEMPLATE,stable_matter_rows,CLOSED_WRITE
TPL_b296d329a0b90768c4bd3319,TOK_7a267062228613da4bdbda50,TRIAD,3|8|12,negative,3,TYPEDRAW_417b8a5c8cdccdea0f1677a4,PAYLOAD,LEGAL_LOCAL_TEMPLATE,bound_composite_rows,CLOSED_THREE_OWNER_WRITE
TPL_b4a10c7271eda9624b68cb69,TOK_0356998f059af083410ff18d,UNARY,8,neutral,2,TYPEDRAW_37732a7742120eb04ade6709,PAYLOAD,LEGAL_LOCAL_TEMPLATE,unstable_resonance_rows,CLOSED_WRITE
TPL_b4d0743fda5f6729840cba06,TOK_b85d99c1c89141dafb9d41b9,UNARY,1,neutral,1,TYPEDRAW_616002513fd1ff423e3bd8f0,PAYLOAD,LEGAL_LOCAL_TEMPLATE,stable_matter_rows,CLOSED_WRITE
TPL_b52b524b652341dc2e130b10,TOK_c4d8a0450e4d945288d069f3,PAIR,12|1,positive,3,TYPEDRAW_23f74dae0c1959ddae6192e7,PAYLOAD,LEGAL_LOCAL_TEMPLATE,unstable_resonance_rows,CLOSED_PAIR_WRITE
TPL_b601ab8f4e7cab9d92baa925,TOK_2f31432bf2cdc9f293a27867,UNARY,3,neutral,2,TYPEDRAW_2132679d80a02c07942ec3cb,PAYLOAD,LEGAL_LOCAL_TEMPLATE,stable_matter_rows,CLOSED_WRITE
TPL_b6fd0a5bd6f264740d70749f,TOK_678b865f364aae1c6fdbaf10,TRIAD,2|6|8,negative,3,TYPEDRAW_d11f5ebf686a496d640093f4,PAYLOAD,LEGAL_LOCAL_TEMPLATE,bound_composite_rows,CLOSED_THREE_OWNER_WRITE
TPL_b70e479cb73e76381a0e1b44,TOK_8f86a4c4446ca2595cf9f435,TRIAD,4|8|12,negative,0,TYPEDRAW_3a64d649e3180cd1edbde98c,PAYLOAD,LEGAL_LOCAL_TEMPLATE,bound_composite_rows,CLOSED_THREE_OWNER_WRITE
TPL_b9100c3a01c030ff4c9fb5a7,TOK_c5771d38689a1c83b97d1884,TRIAD,2|6|9,negative,3,TYPEDRAW_157802bbf4caf58442f7b32f,PAYLOAD,LEGAL_LOCAL_TEMPLATE,bound_composite_rows,CLOSED_THREE_OWNER_WRITE
TPL_b9a9b92cf700e03f776a7cfb,TOK_a5a2383cd62ebff9884850a2,TRIAD,1|2|8,positive,3,TYPEDRAW_442a7c085c262d4e67832313,PAYLOAD,LEGAL_LOCAL_TEMPLATE,bound_composite_rows,CLOSED_THREE_OWNER_WRITE
TPL_b9c7abe8178af6d5ba8ddc77,TOK_dadb186993de632dca4a0a43,TRIAD,2|4|8,neutral,3,TYPEDRAW_7adb053dc02a6b5198b832ff,PAYLOAD,LEGAL_LOCAL_TEMPLATE,bound_composite_rows,CLOSED_THREE_OWNER_WRITE
TPL_ba1c67999264aaae608253db,TOK_e5d0755852f50673b260f7a9,CARRIER,,neutral,3,TYPEDRAW_7482c6f6a0db41eda0766db7,INFRASTRUCTURE,NONLOCAL_NODE,carrier_only_rows,CLOSED_CARRIER_SUPPORT
TPL_bc2c7de46881f6be23cbad31,TOK_cc6b6453a3deb642848645ca,UNARY,4,negative,0,TYPEDRAW_abab7e8163759d94c60a5586,PAYLOAD,LEGAL_LOCAL_TEMPLATE,stable_matter_rows,CLOSED_WRITE
TPL_bce89d1b24496470deb740f8,TOK_b2845581052c93eab1303615,PAIR,3|6,negative,3,TYPEDRAW_08cb1b2605fd26050fd4d810,PAYLOAD,LEGAL_LOCAL_TEMPLATE,bound_composite_rows,CLOSED_PAIR_WRITE
TPL_bf224c96512487ad601b4e68,TOK_3e7eaaa8755b46fef52a8e1d,TRIAD,4|8|8,negative,3,TYPEDRAW_ff34a875e0e9ea2fdf76a376,PAYLOAD,LEGAL_LOCAL_TEMPLATE,bound_composite_rows,CLOSED_THREE_OWNER_WRITE
TPL_bf60834cc579bc745f72a4d5,TOK_5b5030ff07fd65c079c9e813,PAIR,9|3,positive,3,TYPEDRAW_0ea6198c991f92b929a8aa24,PAYLOAD,LEGAL_LOCAL_TEMPLATE,bound_composite_rows,CLOSED_PAIR_WRITE
TPL_c09c1c97e570da64a0e3af2e,TOK_99eeffbc76cd722ebb521b55,UNARY,4,positive,2,TYPEDRAW_a5ec1912c56d2ab3695b6fd8,PAYLOAD,LEGAL_LOCAL_TEMPLATE,stable_matter_rows,CLOSED_WRITE
TPL_c1b0c10d0bf1781899f16b63,TOK_ebcd06181d2489742f5e4c20,UNARY,9,negative,1,TYPEDRAW_5ed3cbc4558bd8e2fcc05923,PAYLOAD,LEGAL_LOCAL_TEMPLATE,stable_matter_rows,CLOSED_WRITE
TPL_c26df4e6c4cf8634855d92a1,TOK_392ff54c1b8475e08a39485c,PAIR,4|8,negative,3,TYPEDRAW_816124e3fcb7fe8bfe7a4226,PAYLOAD,LEGAL_LOCAL_TEMPLATE,bound_composite_rows,CLOSED_PAIR_WRITE
TPL_c639e8cf1cbffccd55e13558,TOK_4f1a31682c7ac15ae8dc3ab9,TRIAD,3|6|9,negative,0,TYPEDRAW_5f1746ad6af0922aa58425d5,PAYLOAD,LEGAL_LOCAL_TEMPLATE,bound_composite_rows,CLOSED_THREE_OWNER_WRITE
TPL_c7ca9f899d5f5804cfad8ac2,TOK_8853f8cdd8a9b6cd1c52f18a,UNARY,3,positive,2,TYPEDRAW_7c2373fad14521384026e3ac,PAYLOAD,LEGAL_LOCAL_TEMPLATE,stable_matter_rows,CLOSED_WRITE
TPL_c8214b1a4ba855f234bf9878,TOK_30e5abce5d408202dc84a1ee,PAIR,8|3,positive,3,TYPEDRAW_c92c57732366958f7f2f3861,PAYLOAD,LEGAL_LOCAL_TEMPLATE,bound_composite_rows,CLOSED_PAIR_WRITE
TPL_c97c5328089327369672b3c6,TOK_0a9f715ec01f1830a8bbb447,SUPPORT,,positive,3,TYPEDRAW_c8872049c3b7a0b842fd2c3d,INFRASTRUCTURE,NONLOCAL_NODE,hidden_source_support_rows,SOURCE_SUPPORT_ONLY
TPL_c9833eaa1b2e428cffed9854,TOK_f83ccc3f14a07e57a8bbd8ef,UNARY,12,negative,1,TYPEDRAW_1706aecdbe6faa167a6fd999,PAYLOAD,LEGAL_LOCAL_TEMPLATE,stable_matter_rows,CLOSED_WRITE
TPL_c9c04d2368bc129a963bcb05,TOK_02173cab5d4816e349e4106e,UNARY,4,positive,1,TYPEDRAW_c147fb55e8e2dd867b3867e8,PAYLOAD,LEGAL_LOCAL_TEMPLATE,stable_matter_rows,CLOSED_WRITE
TPL_caaa8ef086f902943a017e68,TOK_b0dc52098dea8ac48654d681,UNARY,3,negative,2,TYPEDRAW_36fd8fbdad96bbdeb9fc7aef,PAYLOAD,LEGAL_LOCAL_TEMPLATE,antimatter_conjugate_rows,CLOSED_CONJUGATE_WRITE
TPL_cb06b33a6467954285dd55a4,TOK_62e273903773bd126eeb5820,TRIAD,4|6|12,negative,3,TYPEDRAW_6fcb3320cf3eb697da0ce4df,PAYLOAD,LEGAL_LOCAL_TEMPLATE,bound_composite_rows,CLOSED_THREE_OWNER_WRITE
TPL_cb85f38841009607062f691c,TOK_fa5046a343f6aa560c778b74,REJECTED,,neutral,0,TYPEDRAW_45c00561a33040b8291efd18,REJECTED,REJECTED,rejected_fake_closures,REJECT_OPEN_COLOR
TPL_ccafaaa9acb914b65aa22ef8,TOK_dee766330527529f1994a513,REJECTED,6|6|12,neutral,0,TYPEDRAW_af86dd6db6ab715469e148f7,REJECTED,REJECTED,bound_composite_rows,REJECT_NEGATIVE_OBSERVED_SURFACE
TPL_ccb5d9f28e4258cabcbd489f,TOK_28904e707c50632477525d84,UNARY,9,positive,1,TYPEDRAW_aff2dce34e9037dc3a92155c,PAYLOAD,LEGAL_LOCAL_TEMPLATE,antimatter_conjugate_rows,CLOSED_CONJUGATE_WRITE
TPL_cd8210cd6c021033ac86a880,TOK_c42e02fc53fe7e1b3551e104,UNARY,9,negative,1,TYPEDRAW_624b1b6e2ae25eb04fce0fa4,PAYLOAD,LEGAL_LOCAL_TEMPLATE,antimatter_conjugate_rows,CLOSED_CONJUGATE_WRITE
TPL_cd90a3aedc5ccc85e2abc1ef,TOK_8ede39a00575628e3b3faca8,PAIR,9|4,positive,3,TYPEDRAW_4ccebdc9b519d22083f19eb1,PAYLOAD,LEGAL_LOCAL_TEMPLATE,bound_composite_rows,CLOSED_PAIR_WRITE
TPL_ce283cce7fbe2569b240e7a8,TOK_4c327bec12f00541bfd15bae,UNARY,12,positive,0,TYPEDRAW_8a845294f4e2e3c996118772,PAYLOAD,LEGAL_LOCAL_TEMPLATE,stable_matter_rows,CLOSED_WRITE
TPL_ce434f908bf19cd9a6af22dd,TOK_c23683d05f94f31044bcfe4c,UNARY,9,neutral,2,TYPEDRAW_6e526160ac32909b09e5282a,PAYLOAD,LEGAL_LOCAL_TEMPLATE,unstable_resonance_rows,CLOSED_WRITE
TPL_d0522ada3e914c65291d0613,TOK_dd54a709860ccef81090f00c,PAIR,2|3,negative,3,TYPEDRAW_e762bdd0252c49ef112570a5,PAYLOAD,LEGAL_LOCAL_TEMPLATE,bound_composite_rows,CLOSED_PAIR_WRITE
TPL_d06877d6355cf01915643e8c,TOK_473c323b9c5b72c2502ed95f,UNARY,3,negative,2,TYPEDRAW_775a1624bdda23aa964b22a9,PAYLOAD,LEGAL_LOCAL_TEMPLATE,stable_matter_rows,CLOSED_WRITE
TPL_d0d82a2856c11c616ab8b0d1,TOK_679bf02435ab4de5eae74eb9,REJECTED,,neutral,0,TYPEDRAW_45c00561a33040b8291efd18,REJECTED,REJECTED,rejected_fake_closures,REJECT_NO_COMPRESSION
TPL_d119311d3099b73b2c88ff74,TOK_d2fde52d7828f1e830accd8e,TRIAD,4|9|9,negative,3,TYPEDRAW_9864d28b1d5395e4c4b8ef91,PAYLOAD,LEGAL_LOCAL_TEMPLATE,bound_composite_rows,CLOSED_THREE_OWNER_WRITE
TPL_d12a39d673a4fc629252d982,TOK_7dbe087f0944ad9f4c11c77c,REJECTED,,neutral,0,TYPEDRAW_45c00561a33040b8291efd18,REJECTED,REJECTED,rejected_fake_closures,REJECT_CARRIER_PROMOTION
TPL_d12d680497ce79dfc50e95f0,TOK_82c1d4091835296eda411d98,TRIAD,1|1|12,neutral,3,TYPEDRAW_1ef74f504884a74a2f7f93a0,PAYLOAD,LEGAL_LOCAL_TEMPLATE,bound_composite_rows,CLOSED_THREE_OWNER_WRITE
TPL_d18e9da3982566dc85ff9782,TOK_b2dfe653ea5e1ee0a6cef5ba,REJECTED,,neutral,0,TYPEDRAW_45c00561a33040b8291efd18,REJECTED,REJECTED,rejected_fake_closures,REJECT_RANDOM_CLOSURE
TPL_d20ad03f34a370e40924c2c2,TOK_0e3957bdea965ca648b03b67,PAIR,8|4,positive,3,TYPEDRAW_ef38070a459e84162dab9f0f,PAYLOAD,LEGAL_LOCAL_TEMPLATE,bound_composite_rows,CLOSED_PAIR_WRITE
TPL_d2e1ea31f6dc4f155c237c1a,TOK_ccec4d7fc9efda1326300a2b,TRIAD,2|2|8,positive,0,TYPEDRAW_2a5fcfab8e1c5136cd22b844,PAYLOAD,LEGAL_LOCAL_TEMPLATE,bound_composite_rows,CLOSED_THREE_OWNER_WRITE
TPL_d2e5fdca5744c1196dcf223e,TOK_44c6a6616e0f5943112b00fd,UNARY,12,positive,1,TYPEDRAW_120215e9a1a6c4bed619c53a,PAYLOAD,LEGAL_LOCAL_TEMPLATE,antimatter_conjugate_rows,CLOSED_CONJUGATE_WRITE
TPL_d4be504b422140912d707273,TOK_beffdeb1f171237d4d741f09,PAIR,1|9,negative,3,TYPEDRAW_491e466ccc5c4a9c88fb57ff,PAYLOAD,LEGAL_LOCAL_TEMPLATE,bound_composite_rows,CLOSED_PAIR_WRITE
TPL_d537334a929c25760e216254,TOK_ef75ac1752c2a6aa9b6982b1,TRIAD,4|4|12,neutral,3,TYPEDRAW_b9714905c37b402d6bc37176,PAYLOAD,LEGAL_LOCAL_TEMPLATE,bound_composite_rows,CLOSED_THREE_OWNER_WRITE
TPL_d583169af4202d9990e1d277,TOK_1194830f6fd52263af2b5ee4,UNARY,6,neutral,0,TYPEDRAW_66fd9fe00c7d7448b569d1e4,PAYLOAD,LEGAL_LOCAL_TEMPLATE,stable_matter_rows,CLOSED_WRITE
TPL_d64b2e9146d902d9607e1851,TOK_44d6bc275edb4c8be24fdc16,SUPPORT,,positive,3,TYPEDRAW_949aa0962e632973525c6561,INFRASTRUCTURE,NONLOCAL_NODE,hidden_source_support_rows,SOURCE_SUPPORT_ONLY
TPL_d65c90c32364ed55d0115076,TOK_4492d05a50987840009a6cc6,TRIAD,1|8|8,negative,3,TYPEDRAW_efa7244ee95883de29e7da9a,PAYLOAD,LEGAL_LOCAL_TEMPLATE,bound_composite_rows,CLOSED_THREE_OWNER_WRITE
TPL_d6b75d9e7fb18fad986d87a4,TOK_264c91e7bca5bdfb1ec469dd,TRIAD,3|9|9,negative,0,TYPEDRAW_075b9aff5a0eeac96d94e5d9,PAYLOAD,LEGAL_LOCAL_TEMPLATE,bound_composite_rows,CLOSED_THREE_OWNER_WRITE
TPL_d7d2de86304a54129b717f85,TOK_1c9e15e10c5408b899e81a7e,UNARY,3,neutral,1,TYPEDRAW_1506a8d652bddfebf0e97039,PAYLOAD,LEGAL_LOCAL_TEMPLATE,stable_matter_rows,CLOSED_WRITE
TPL_db217e3b064d7c37f6403c8a,TOK_4b80ba18848a4d139fc56ac1,SCALAR,,neutral,3,TYPEDRAW_73a90964be6de723474402b5,GLOBAL,NONLOCAL_NODE,unstable_resonance_rows,CLOSED_LOOP_WRITE
TPL_db3f78aadd3ea699d4e50b8d,TOK_29661a33b440e2e854bad4f2,PAIR,9|1,positive,3,TYPEDRAW_a0ce7439ba15cf085fd452ce,PAYLOAD,LEGAL_LOCAL_TEMPLATE,bound_composite_rows,CLOSED_PAIR_WRITE
TPL_dd2586b4cadc080b850e60e3,TOK_ee6b6bf789ece69cdd35e275,PAIR,3|2,positive,3,TYPEDRAW_3c20322ecfdd4614dbcf2d6d,PAYLOAD,LEGAL_LOCAL_TEMPLATE,bound_composite_rows,CLOSED_PAIR_WRITE
TPL_de35bafbb4e375bb5982e52d,TOK_ca2c0798bb39a72c9f408ac0,TRIAD,2|3|8,positive,3,TYPEDRAW_518d77ee2f68110b70698a27,PAYLOAD,LEGAL_LOCAL_TEMPLATE,bound_composite_rows,CLOSED_THREE_OWNER_WRITE
TPL_de60a243fa8bc4f7f633e135,TOK_3cf24ae4baab8150aafe6b84,UNARY,3,positive,1,TYPEDRAW_e8ee9a37e9fa764a77252f08,PAYLOAD,LEGAL_LOCAL_TEMPLATE,stable_matter_rows,CLOSED_WRITE
TPL_e013702f2ae585cf8a0e4e6b,TOK_7ee3b0f22b0a6ec9e8898dca,PAIR,1|1,neutral,1,TYPEDRAW_3a479560d12830f8e0cccfb9,PAYLOAD,LEGAL_LOCAL_TEMPLATE,bound_composite_rows,CLOSED_PAIR_WRITE
TPL_e0419ac6d91432478eecb0bc,TOK_086046a16c2272d3674e6568,TRIAD,2|4|6,negative,0,TYPEDRAW_4fd4d5ebfc639416940f78c6,PAYLOAD,LEGAL_LOCAL_TEMPLATE,bound_composite_rows,CLOSED_THREE_OWNER_WRITE
TPL_e044bdb1501d5326fa096391,TOK_ba3d8e3596f03785e48ed6db,UNARY,6,negative,0,TYPEDRAW_0779e04f9d5f0730b8c6bed2,PAYLOAD,LEGAL_LOCAL_TEMPLATE,antimatter_conjugate_rows,CLOSED_CONJUGATE_WRITE
TPL_e05009b13b7c8d3dcfe435d0,TOK_c8051b5537d637b1e36d8ce1,TRIAD,3|3|4,positive,3,TYPEDRAW_f40fa158869e705557ce2fda,PAYLOAD,LEGAL_LOCAL_TEMPLATE,bound_composite_rows,CLOSED_THREE_OWNER_WRITE
TPL_e138a541b9cf2fe53c097a46,TOK_1057ef9e683332aa24c8c035,TRIAD,6|8|8,neutral,3,TYPEDRAW_d70ff5d9b330278b88dcc194,PAYLOAD,LEGAL_LOCAL_TEMPLATE,bound_composite_rows,CLOSED_THREE_OWNER_WRITE
TPL_e1a498011428df852038b02a,TOK_596d8dc79d6eee037a745812,PAIR,2|2,neutral,1,TYPEDRAW_b0f772f8fb0dabc02cfb4de4,PAYLOAD,LEGAL_LOCAL_TEMPLATE,bound_composite_rows,CLOSED_PAIR_WRITE
TPL_e1c246e8f340d4a5ae61c46a,TOK_c0c61d2afc44bc2e137aacfc,SUPPORT,,positive,3,TYPEDRAW_cd666231dec1b07f0b92258e,INFRASTRUCTURE,NONLOCAL_NODE,hidden_source_support_rows,SOURCE_SUPPORT_ONLY
TPL_e1dc4f7eff621247a9c92430,TOK_dd9687ae9fc78e6392a2f6f7,PAIR,12|12,neutral,1,TYPEDRAW_47f4dab4df6a6587c2ce1113,PAYLOAD,LEGAL_LOCAL_TEMPLATE,unstable_resonance_rows,CLOSED_PAIR_WRITE
TPL_e342c28b077cc16dc5d358d1,TOK_afb44ee16bf2cea4cb2cc23e,UNARY,1,positive,2,TYPEDRAW_500a1d5230fad0be6b16ae32,PAYLOAD,LEGAL_LOCAL_TEMPLATE,antimatter_conjugate_rows,CLOSED_CONJUGATE_WRITE
TPL_e3dc32fdb77a2aa24cf39a03,TOK_e274a6a5b2a5617d5ba3868a,TRIAD,2|4|9,negative,0,TYPEDRAW_7b40782c02d0860d75ed8d89,PAYLOAD,LEGAL_LOCAL_TEMPLATE,bound_composite_rows,CLOSED_THREE_OWNER_WRITE
TPL_e3f9e00fc621d45f38ca81aa,TOK_38ae2915e81e7cb2b8149ea6,TRIAD,2|3|6,negative,3,TYPEDRAW_54130de7c3e99c8972448733,PAYLOAD,LEGAL_LOCAL_TEMPLATE,bound_composite_rows,CLOSED_THREE_OWNER_WRITE
TPL_e522246620f7258165634af5,TOK_0cf53c539a6bced5d3499b6e,PAIR,1|12,negative,3,TYPEDRAW_b8e991db95081717c9bfe623,PAYLOAD,LEGAL_LOCAL_TEMPLATE,unstable_resonance_rows,CLOSED_PAIR_WRITE
TPL_e58a18565379d94f1f273120,TOK_33ad24c737c78e2809b269e4,TRIAD,3|4|12,negative,3,TYPEDRAW_72a12c4aa35cbe95cb8f8664,PAYLOAD,LEGAL_LOCAL_TEMPLATE,bound_composite_rows,CLOSED_THREE_OWNER_WRITE
TPL_e5c2ae31485b36979239261a,TOK_8983aca5929d2f84048744df,TRIAD,2|3|12,negative,3,TYPEDRAW_c089fe4a0e0bfc54750bb760,PAYLOAD,LEGAL_LOCAL_TEMPLATE,bound_composite_rows,CLOSED_THREE_OWNER_WRITE
TPL_e5f8d486e00f9802ea619e59,TOK_c94acd7086ac2f021294c092,TRIAD,2|2|6,neutral,3,TYPEDRAW_a4adfd0f1296220e3f21b158,PAYLOAD,LEGAL_LOCAL_TEMPLATE,bound_composite_rows,CLOSED_THREE_OWNER_WRITE
TPL_e617fbdbf8f348389022faf8,TOK_2112d262920af9793bbcac07,UNARY,6,positive,2,TYPEDRAW_61a25ee784fb33390c94d6d1,PAYLOAD,LEGAL_LOCAL_TEMPLATE,stable_matter_rows,CLOSED_WRITE
TPL_e62316fba9fd81f8638f4edf,TOK_15e2bee1eed8074d5771eacd,TRIAD,3|6|8,negative,3,TYPEDRAW_8a9e3eb97220cd97648a1a1b,PAYLOAD,LEGAL_LOCAL_TEMPLATE,bound_composite_rows,CLOSED_THREE_OWNER_WRITE
TPL_e7b4ba9b79b662592d3bd400,TOK_17ad2e268925134cf3aaf5a3,UNARY,2,negative,2,TYPEDRAW_0883936236cdb89cf387262a,PAYLOAD,LEGAL_LOCAL_TEMPLATE,antimatter_conjugate_rows,CLOSED_CONJUGATE_WRITE
TPL_e8c02667ceb58f69fb177d37,TOK_8347327611472897ac3c7ac5,UNARY,9,positive,1,TYPEDRAW_3c3dce566528431c0072cbfb,PAYLOAD,LEGAL_LOCAL_TEMPLATE,stable_matter_rows,CLOSED_WRITE
TPL_e96d2f7acbbfccba9eadf00a,TOK_facb07e6c402b79ba1ac650f,UNARY,6,neutral,1,TYPEDRAW_a6e2111d963761551e699882,PAYLOAD,LEGAL_LOCAL_TEMPLATE,stable_matter_rows,CLOSED_WRITE
TPL_ea26616a006763e2e64b245e,TOK_c6703febb71a0d04e520e937,PAIR,1|3,negative,3,TYPEDRAW_b65203fe32b7256037fda767,PAYLOAD,LEGAL_LOCAL_TEMPLATE,bound_composite_rows,CLOSED_PAIR_WRITE
TPL_eb403f7da06c352894019c3e,TOK_c516b1362b904b174bed2cda,TRIAD,4|4|4,positive,0,TYPEDRAW_a798807a4f2295275fed5567,PAYLOAD,LEGAL_LOCAL_TEMPLATE,bound_composite_rows,CLOSED_THREE_OWNER_WRITE
TPL_ebf2dad725118e692113897a,TOK_47b5a40513686e4f75251873,TRIAD,1|1|1,positive,0,TYPEDRAW_0cd3f23737b39f127f26e6c2,PAYLOAD,LEGAL_LOCAL_TEMPLATE,bound_composite_rows,CLOSED_THREE_OWNER_WRITE
TPL_ec8af09c4b7ff8b8ba26607c,TOK_168fb3d2c03182d7e7bbc2c0,PAIR,8|9,negative,3,TYPEDRAW_9791b3d4bc01969cb497e076,PAYLOAD,LEGAL_LOCAL_TEMPLATE,bound_composite_rows,CLOSED_PAIR_WRITE
TPL_ec96532404de4841a1779447,TOK_5374b54a0a5fe20de27be980,UNARY,6,neutral,2,TYPEDRAW_bb63cbd24e500b80574d9d5f,PAYLOAD,LEGAL_LOCAL_TEMPLATE,stable_matter_rows,CLOSED_WRITE
TPL_ecf6b0f56f746534127a9793,TOK_58397084686d901a67650829,UNARY,1,neutral,0,TYPEDRAW_990aa5512d4440a13a39d9dd,PAYLOAD,LEGAL_LOCAL_TEMPLATE,stable_matter_rows,CLOSED_WRITE
TPL_ed0a67bd02421fa4c33062db,TOK_7131a067558e77d4dab60dd4,TRIAD,1|1|6,neutral,3,TYPEDRAW_5be1e5efdd7833c13fc0eadc,PAYLOAD,LEGAL_LOCAL_TEMPLATE,bound_composite_rows,CLOSED_THREE_OWNER_WRITE
TPL_ed6e97b628e8165e4b00b030,TOK_f123f08d2231e1d31fc1d9f9,REJECTED,6|6|9,neutral,0,TYPEDRAW_26fd6c66ec9f64913c702511,REJECTED,REJECTED,bound_composite_rows,REJECT_NEGATIVE_OBSERVED_SURFACE
TPL_ed9ace7269a5712cc0827eda,TOK_4331073a0101f6b7ed7858b4,TRIAD,4|6|6,negative,3,TYPEDRAW_84be61c8ef93bba747c28767,PAYLOAD,LEGAL_LOCAL_TEMPLATE,bound_composite_rows,CLOSED_THREE_OWNER_WRITE
TPL_ef2ca78f4956c41b1a3af7dc,TOK_14a54b49e2f4549c007b00dd,UNARY,6,positive,2,TYPEDRAW_c0aebfc27b412a81afda88a1,PAYLOAD,LEGAL_LOCAL_TEMPLATE,antimatter_conjugate_rows,CLOSED_CONJUGATE_WRITE
TPL_f33e4c488cd20372e1623aaf,TOK_be5a90df8f99adc6caf9d3e6,SUPPORT,,positive,3,TYPEDRAW_c42393b6b9c21c41006131e5,INFRASTRUCTURE,NONLOCAL_NODE,hidden_source_support_rows,SOURCE_SUPPORT_ONLY
TPL_f36431ffdde1f3cf30b41a5f,TOK_3cb2b0617c52bdf37f2c5cad,TRIAD,2|3|3,negative,3,TYPEDRAW_015b306fa543e70ea8843f2a,PAYLOAD,LEGAL_LOCAL_TEMPLATE,bound_composite_rows,CLOSED_THREE_OWNER_WRITE
TPL_f3b8cc87c6bbe0c8579a2a81,TOK_8879940e853d35ed2545bdc7,TRIAD,1|9|12,negative,3,TYPEDRAW_9ac9921f9a57eb23c9088c47,PAYLOAD,LEGAL_LOCAL_TEMPLATE,bound_composite_rows,CLOSED_THREE_OWNER_WRITE
TPL_f40c627b9335732b5b737d46,TOK_7352a04ee6ce0007cf805ff6,UNARY,9,neutral,0,TYPEDRAW_273916a025b1c2a17b319ba5,PAYLOAD,LEGAL_LOCAL_TEMPLATE,stable_matter_rows,CLOSED_WRITE
TPL_f4102b753ca4c5d850454959,TOK_b58ffcc58a2bad0371ad8639,UNARY,8,neutral,0,TYPEDRAW_014cc412f6fa4fd8c2f47585,PAYLOAD,LEGAL_LOCAL_TEMPLATE,stable_matter_rows,CLOSED_WRITE
TPL_f50717aae9d7987547966dab,TOK_4e18eaf03d9e300cf4c5a960,UNARY,2,positive,1,TYPEDRAW_c0b6aaff6aea01fc53a5a075,PAYLOAD,LEGAL_LOCAL_TEMPLATE,antimatter_conjugate_rows,CLOSED_CONJUGATE_WRITE
TPL_f5505d2e84e80f90e2a13763,TOK_1a8b33ae8570d3faf5ee0bf9,PAIR,1|8,negative,3,TYPEDRAW_ad1319879edca68c167eb66e,PAYLOAD,LEGAL_LOCAL_TEMPLATE,bound_composite_rows,CLOSED_PAIR_WRITE
TPL_f5ce0cf1fa795e4a81e74f56,TOK_ae0f907e2de77e8b5b42e87b,UNARY,12,neutral,1,TYPEDRAW_fe5e307969c90f2c235395d3,PAYLOAD,LEGAL_LOCAL_TEMPLATE,stable_matter_rows,CLOSED_WRITE
TPL_f6ac70237e980d15b05de242,TOK_5f6c61e3c2c928d063b1271e,TRIAD,1|2|6,negative,0,TYPEDRAW_d3ee3a4cd61f0fd022cf992c,PAYLOAD,LEGAL_LOCAL_TEMPLATE,bound_composite_rows,CLOSED_THREE_OWNER_WRITE
TPL_f77d175bc637bf36d3eb8a41,TOK_6970b9e929d33ac81743c4b4,REJECTED,,neutral,0,TYPEDRAW_45c00561a33040b8291efd18,REJECTED,REJECTED,rejected_fake_closures,REJECT_NEAREST_MATCH_CONSTRUCTION
TPL_f826b07c915d3ad36bce29a1,TOK_8fcb6f9a1629b07a18f3b896,UNARY,2,positive,1,TYPEDRAW_d3facaa40e395224daaf34dd,PAYLOAD,LEGAL_LOCAL_TEMPLATE,stable_matter_rows,CLOSED_WRITE
TPL_f88f78bcf7bc070ca02fc14b,TOK_edbd55a68721a66ea7ad1d13,PAIR,9|12,negative,3,TYPEDRAW_aafc138d517799e18cd612c4,PAYLOAD,LEGAL_LOCAL_TEMPLATE,unstable_resonance_rows,CLOSED_PAIR_WRITE
TPL_fa82d5e0560c60b67edabae8,TOK_2023418592929fe79998a258,TRIAD,1|3|6,negative,3,TYPEDRAW_ebf3332dfdedb41a7466cacc,PAYLOAD,LEGAL_LOCAL_TEMPLATE,bound_composite_rows,CLOSED_THREE_OWNER_WRITE
TPL_fbe5076b3e6f59aa113aad68,TOK_1385f2f750fd057597ad27ba,PAIR,3|1,positive,3,TYPEDRAW_21441f46ec277a88740d348b,PAYLOAD,LEGAL_LOCAL_TEMPLATE,bound_composite_rows,CLOSED_PAIR_WRITE
TPL_fd3312f1e6008fb2266151b7,TOK_3298fe392eefef700a438165,TRIAD,6|12|12,negative,0,TYPEDRAW_0393f1a1856be42404128869,PAYLOAD,LEGAL_LOCAL_TEMPLATE,bound_composite_rows,CLOSED_THREE_OWNER_WRITE
TPL_fd4567a16909c6d0100564cc,TOK_d0774c00cf20b1ac70adba09,PAIR,1|2,negative,3,TYPEDRAW_85eb4fab8e19f9ac3920b32d,PAYLOAD,LEGAL_LOCAL_TEMPLATE,bound_composite_rows,CLOSED_PAIR_WRITE
TPL_fe85b35e695546c01d8caba1,TOK_4c71ac05dfb31cc34b718ef0,PAIR,1|6,negative,3,TYPEDRAW_1310b9f4bc9f4ab916d9faf0,PAYLOAD,LEGAL_LOCAL_TEMPLATE,bound_composite_rows,CLOSED_PAIR_WRITE
TPL_ffda376abfa612ca220619f8,TOK_05db2c9dc0728929b776fe91,TRIAD,1|1|3,neutral,3,TYPEDRAW_68051429e8b8e7242baadcc0,PAYLOAD,LEGAL_LOCAL_TEMPLATE,bound_composite_rows,CLOSED_THREE_OWNER_WRITE
TPL_ffee8c25235058ef537e6ebb,TOK_6b3379ecd0ececa59f2c5975,TRIAD,3|3|8,positive,3,TYPEDRAW_452d18148ab6bc290f5a064c,PAYLOAD,LEGAL_LOCAL_TEMPLATE,bound_composite_rows,CLOSED_THREE_OWNER_WRITE
