graph_id,edge_id,node_u,node_v,edge_type,source_provenance,physical_interaction_claim
SP01_EV01_OCT6_PRIMARY,SP01_EV01_OCT6_PRIMARY_MEMBER_H1,SP01_EV01_OCT6_PRIMARY_FRAME,SP01_EV01_OCT6_PRIMARY_CORE_H1,FRAME_MEMBERSHIP,CR286 common graph construction,false
SP01_EV01_OCT6_PRIMARY,SP01_EV01_OCT6_PRIMARY_MEMBER_H2,SP01_EV01_OCT6_PRIMARY_FRAME,SP01_EV01_OCT6_PRIMARY_CORE_H2,FRAME_MEMBERSHIP,CR286 common graph construction,false
SP01_EV01_OCT6_PRIMARY,SP01_EV01_OCT6_PRIMARY_MEMBER_O1,SP01_EV01_OCT6_PRIMARY_FRAME,SP01_EV01_OCT6_PRIMARY_CORE_O1,FRAME_MEMBERSHIP,CR286 common graph construction,false
SP01_EV01_OCT6_PRIMARY,SP01_EV01_OCT6_PRIMARY_CORE_B01,SP01_EV01_OCT6_PRIMARY_CORE_O1,SP01_EV01_OCT6_PRIMARY_CORE_H1,DECLARED_CONNECTIVITY_NO_BOND_ORDER,H2O formula connectivity,connectivity_only_no_order_or_energy
SP01_EV01_OCT6_PRIMARY,SP01_EV01_OCT6_PRIMARY_CORE_B02,SP01_EV01_OCT6_PRIMARY_CORE_O1,SP01_EV01_OCT6_PRIMARY_CORE_H2,DECLARED_CONNECTIVITY_NO_BOND_ORDER,H2O formula connectivity,connectivity_only_no_order_or_energy
SP01_EV01_OCT6_PRIMARY,SP01_EV01_OCT6_PRIMARY_HYDRATION_01,SP01_EV01_OCT6_PRIMARY_FRAME,SP01_EV01_OCT6_PRIMARY_W01,HYDRATION_SUPPORT_CANDIDATE,CR120U six signed-axis vertices,false
SP01_EV01_OCT6_PRIMARY,SP01_EV01_OCT6_PRIMARY_HYDRATION_02,SP01_EV01_OCT6_PRIMARY_FRAME,SP01_EV01_OCT6_PRIMARY_W02,HYDRATION_SUPPORT_CANDIDATE,CR120U six signed-axis vertices,false
SP01_EV01_OCT6_PRIMARY,SP01_EV01_OCT6_PRIMARY_HYDRATION_03,SP01_EV01_OCT6_PRIMARY_FRAME,SP01_EV01_OCT6_PRIMARY_W03,HYDRATION_SUPPORT_CANDIDATE,CR120U six signed-axis vertices,false
SP01_EV01_OCT6_PRIMARY,SP01_EV01_OCT6_PRIMARY_HYDRATION_04,SP01_EV01_OCT6_PRIMARY_FRAME,SP01_EV01_OCT6_PRIMARY_W04,HYDRATION_SUPPORT_CANDIDATE,CR120U six signed-axis vertices,false
SP01_EV01_OCT6_PRIMARY,SP01_EV01_OCT6_PRIMARY_HYDRATION_05,SP01_EV01_OCT6_PRIMARY_FRAME,SP01_EV01_OCT6_PRIMARY_W05,HYDRATION_SUPPORT_CANDIDATE,CR120U six signed-axis vertices,false
SP01_EV01_OCT6_PRIMARY,SP01_EV01_OCT6_PRIMARY_HYDRATION_06,SP01_EV01_OCT6_PRIMARY_FRAME,SP01_EV01_OCT6_PRIMARY_W06,HYDRATION_SUPPORT_CANDIDATE,CR120U six signed-axis vertices,false
SP01_EV02_TET4_EVEN_CONTROL,SP01_EV02_TET4_EVEN_CONTROL_MEMBER_H1,SP01_EV02_TET4_EVEN_CONTROL_FRAME,SP01_EV02_TET4_EVEN_CONTROL_CORE_H1,FRAME_MEMBERSHIP,CR286 common graph construction,false
SP01_EV02_TET4_EVEN_CONTROL,SP01_EV02_TET4_EVEN_CONTROL_MEMBER_H2,SP01_EV02_TET4_EVEN_CONTROL_FRAME,SP01_EV02_TET4_EVEN_CONTROL_CORE_H2,FRAME_MEMBERSHIP,CR286 common graph construction,false
SP01_EV02_TET4_EVEN_CONTROL,SP01_EV02_TET4_EVEN_CONTROL_MEMBER_O1,SP01_EV02_TET4_EVEN_CONTROL_FRAME,SP01_EV02_TET4_EVEN_CONTROL_CORE_O1,FRAME_MEMBERSHIP,CR286 common graph construction,false
SP01_EV02_TET4_EVEN_CONTROL,SP01_EV02_TET4_EVEN_CONTROL_CORE_B01,SP01_EV02_TET4_EVEN_CONTROL_CORE_O1,SP01_EV02_TET4_EVEN_CONTROL_CORE_H1,DECLARED_CONNECTIVITY_NO_BOND_ORDER,H2O formula connectivity,connectivity_only_no_order_or_energy
SP01_EV02_TET4_EVEN_CONTROL,SP01_EV02_TET4_EVEN_CONTROL_CORE_B02,SP01_EV02_TET4_EVEN_CONTROL_CORE_O1,SP01_EV02_TET4_EVEN_CONTROL_CORE_H2,DECLARED_CONNECTIVITY_NO_BOND_ORDER,H2O formula connectivity,connectivity_only_no_order_or_energy
SP01_EV02_TET4_EVEN_CONTROL,SP01_EV02_TET4_EVEN_CONTROL_HYDRATION_01,SP01_EV02_TET4_EVEN_CONTROL_FRAME,SP01_EV02_TET4_EVEN_CONTROL_W01,HYDRATION_SUPPORT_CANDIDATE,CR120U tetrahedral realization not globally excluded,false
SP01_EV02_TET4_EVEN_CONTROL,SP01_EV02_TET4_EVEN_CONTROL_HYDRATION_02,SP01_EV02_TET4_EVEN_CONTROL_FRAME,SP01_EV02_TET4_EVEN_CONTROL_W02,HYDRATION_SUPPORT_CANDIDATE,CR120U tetrahedral realization not globally excluded,false
SP01_EV02_TET4_EVEN_CONTROL,SP01_EV02_TET4_EVEN_CONTROL_HYDRATION_03,SP01_EV02_TET4_EVEN_CONTROL_FRAME,SP01_EV02_TET4_EVEN_CONTROL_W03,HYDRATION_SUPPORT_CANDIDATE,CR120U tetrahedral realization not globally excluded,false
SP01_EV02_TET4_EVEN_CONTROL,SP01_EV02_TET4_EVEN_CONTROL_HYDRATION_04,SP01_EV02_TET4_EVEN_CONTROL_FRAME,SP01_EV02_TET4_EVEN_CONTROL_W04,HYDRATION_SUPPORT_CANDIDATE,CR120U tetrahedral realization not globally excluded,false
SP01_EV03_TET4_ODD_CONTROL,SP01_EV03_TET4_ODD_CONTROL_MEMBER_H1,SP01_EV03_TET4_ODD_CONTROL_FRAME,SP01_EV03_TET4_ODD_CONTROL_CORE_H1,FRAME_MEMBERSHIP,CR286 common graph construction,false
SP01_EV03_TET4_ODD_CONTROL,SP01_EV03_TET4_ODD_CONTROL_MEMBER_H2,SP01_EV03_TET4_ODD_CONTROL_FRAME,SP01_EV03_TET4_ODD_CONTROL_CORE_H2,FRAME_MEMBERSHIP,CR286 common graph construction,false
SP01_EV03_TET4_ODD_CONTROL,SP01_EV03_TET4_ODD_CONTROL_MEMBER_O1,SP01_EV03_TET4_ODD_CONTROL_FRAME,SP01_EV03_TET4_ODD_CONTROL_CORE_O1,FRAME_MEMBERSHIP,CR286 common graph construction,false
SP01_EV03_TET4_ODD_CONTROL,SP01_EV03_TET4_ODD_CONTROL_CORE_B01,SP01_EV03_TET4_ODD_CONTROL_CORE_O1,SP01_EV03_TET4_ODD_CONTROL_CORE_H1,DECLARED_CONNECTIVITY_NO_BOND_ORDER,H2O formula connectivity,connectivity_only_no_order_or_energy
SP01_EV03_TET4_ODD_CONTROL,SP01_EV03_TET4_ODD_CONTROL_CORE_B02,SP01_EV03_TET4_ODD_CONTROL_CORE_O1,SP01_EV03_TET4_ODD_CONTROL_CORE_H2,DECLARED_CONNECTIVITY_NO_BOND_ORDER,H2O formula connectivity,connectivity_only_no_order_or_energy
SP01_EV03_TET4_ODD_CONTROL,SP01_EV03_TET4_ODD_CONTROL_HYDRATION_01,SP01_EV03_TET4_ODD_CONTROL_FRAME,SP01_EV03_TET4_ODD_CONTROL_W01,HYDRATION_SUPPORT_CANDIDATE,CR120U tetrahedral realization not globally excluded,false
SP01_EV03_TET4_ODD_CONTROL,SP01_EV03_TET4_ODD_CONTROL_HYDRATION_02,SP01_EV03_TET4_ODD_CONTROL_FRAME,SP01_EV03_TET4_ODD_CONTROL_W02,HYDRATION_SUPPORT_CANDIDATE,CR120U tetrahedral realization not globally excluded,false
SP01_EV03_TET4_ODD_CONTROL,SP01_EV03_TET4_ODD_CONTROL_HYDRATION_03,SP01_EV03_TET4_ODD_CONTROL_FRAME,SP01_EV03_TET4_ODD_CONTROL_W03,HYDRATION_SUPPORT_CANDIDATE,CR120U tetrahedral realization not globally excluded,false
SP01_EV03_TET4_ODD_CONTROL,SP01_EV03_TET4_ODD_CONTROL_HYDRATION_04,SP01_EV03_TET4_ODD_CONTROL_FRAME,SP01_EV03_TET4_ODD_CONTROL_W04,HYDRATION_SUPPORT_CANDIDATE,CR120U tetrahedral realization not globally excluded,false
SP01_EV04_CORE_ONLY_CONTROL,SP01_EV04_CORE_ONLY_CONTROL_MEMBER_H1,SP01_EV04_CORE_ONLY_CONTROL_FRAME,SP01_EV04_CORE_ONLY_CONTROL_CORE_H1,FRAME_MEMBERSHIP,CR286 common graph construction,false
SP01_EV04_CORE_ONLY_CONTROL,SP01_EV04_CORE_ONLY_CONTROL_MEMBER_H2,SP01_EV04_CORE_ONLY_CONTROL_FRAME,SP01_EV04_CORE_ONLY_CONTROL_CORE_H2,FRAME_MEMBERSHIP,CR286 common graph construction,false
SP01_EV04_CORE_ONLY_CONTROL,SP01_EV04_CORE_ONLY_CONTROL_MEMBER_O1,SP01_EV04_CORE_ONLY_CONTROL_FRAME,SP01_EV04_CORE_ONLY_CONTROL_CORE_O1,FRAME_MEMBERSHIP,CR286 common graph construction,false
SP01_EV04_CORE_ONLY_CONTROL,SP01_EV04_CORE_ONLY_CONTROL_CORE_B01,SP01_EV04_CORE_ONLY_CONTROL_CORE_O1,SP01_EV04_CORE_ONLY_CONTROL_CORE_H1,DECLARED_CONNECTIVITY_NO_BOND_ORDER,H2O formula connectivity,connectivity_only_no_order_or_energy
SP01_EV04_CORE_ONLY_CONTROL,SP01_EV04_CORE_ONLY_CONTROL_CORE_B02,SP01_EV04_CORE_ONLY_CONTROL_CORE_O1,SP01_EV04_CORE_ONLY_CONTROL_CORE_H2,DECLARED_CONNECTIVITY_NO_BOND_ORDER,H2O formula connectivity,connectivity_only_no_order_or_energy
SP02_EV01_OCT6_PRIMARY,SP02_EV01_OCT6_PRIMARY_MEMBER_Na1,SP02_EV01_OCT6_PRIMARY_FRAME,SP02_EV01_OCT6_PRIMARY_CORE_Na1,FRAME_MEMBERSHIP,CR286 common graph construction,false
SP02_EV01_OCT6_PRIMARY,SP02_EV01_OCT6_PRIMARY_HYDRATION_01,SP02_EV01_OCT6_PRIMARY_FRAME,SP02_EV01_OCT6_PRIMARY_W01,HYDRATION_SUPPORT_CANDIDATE,CR120U six signed-axis vertices,false
SP02_EV01_OCT6_PRIMARY,SP02_EV01_OCT6_PRIMARY_HYDRATION_02,SP02_EV01_OCT6_PRIMARY_FRAME,SP02_EV01_OCT6_PRIMARY_W02,HYDRATION_SUPPORT_CANDIDATE,CR120U six signed-axis vertices,false
SP02_EV01_OCT6_PRIMARY,SP02_EV01_OCT6_PRIMARY_HYDRATION_03,SP02_EV01_OCT6_PRIMARY_FRAME,SP02_EV01_OCT6_PRIMARY_W03,HYDRATION_SUPPORT_CANDIDATE,CR120U six signed-axis vertices,false
SP02_EV01_OCT6_PRIMARY,SP02_EV01_OCT6_PRIMARY_HYDRATION_04,SP02_EV01_OCT6_PRIMARY_FRAME,SP02_EV01_OCT6_PRIMARY_W04,HYDRATION_SUPPORT_CANDIDATE,CR120U six signed-axis vertices,false
SP02_EV01_OCT6_PRIMARY,SP02_EV01_OCT6_PRIMARY_HYDRATION_05,SP02_EV01_OCT6_PRIMARY_FRAME,SP02_EV01_OCT6_PRIMARY_W05,HYDRATION_SUPPORT_CANDIDATE,CR120U six signed-axis vertices,false
SP02_EV01_OCT6_PRIMARY,SP02_EV01_OCT6_PRIMARY_HYDRATION_06,SP02_EV01_OCT6_PRIMARY_FRAME,SP02_EV01_OCT6_PRIMARY_W06,HYDRATION_SUPPORT_CANDIDATE,CR120U six signed-axis vertices,false
SP02_EV02_TET4_EVEN_CONTROL,SP02_EV02_TET4_EVEN_CONTROL_MEMBER_Na1,SP02_EV02_TET4_EVEN_CONTROL_FRAME,SP02_EV02_TET4_EVEN_CONTROL_CORE_Na1,FRAME_MEMBERSHIP,CR286 common graph construction,false
SP02_EV02_TET4_EVEN_CONTROL,SP02_EV02_TET4_EVEN_CONTROL_HYDRATION_01,SP02_EV02_TET4_EVEN_CONTROL_FRAME,SP02_EV02_TET4_EVEN_CONTROL_W01,HYDRATION_SUPPORT_CANDIDATE,CR120U tetrahedral realization not globally excluded,false
SP02_EV02_TET4_EVEN_CONTROL,SP02_EV02_TET4_EVEN_CONTROL_HYDRATION_02,SP02_EV02_TET4_EVEN_CONTROL_FRAME,SP02_EV02_TET4_EVEN_CONTROL_W02,HYDRATION_SUPPORT_CANDIDATE,CR120U tetrahedral realization not globally excluded,false
SP02_EV02_TET4_EVEN_CONTROL,SP02_EV02_TET4_EVEN_CONTROL_HYDRATION_03,SP02_EV02_TET4_EVEN_CONTROL_FRAME,SP02_EV02_TET4_EVEN_CONTROL_W03,HYDRATION_SUPPORT_CANDIDATE,CR120U tetrahedral realization not globally excluded,false
SP02_EV02_TET4_EVEN_CONTROL,SP02_EV02_TET4_EVEN_CONTROL_HYDRATION_04,SP02_EV02_TET4_EVEN_CONTROL_FRAME,SP02_EV02_TET4_EVEN_CONTROL_W04,HYDRATION_SUPPORT_CANDIDATE,CR120U tetrahedral realization not globally excluded,false
SP02_EV03_TET4_ODD_CONTROL,SP02_EV03_TET4_ODD_CONTROL_MEMBER_Na1,SP02_EV03_TET4_ODD_CONTROL_FRAME,SP02_EV03_TET4_ODD_CONTROL_CORE_Na1,FRAME_MEMBERSHIP,CR286 common graph construction,false
SP02_EV03_TET4_ODD_CONTROL,SP02_EV03_TET4_ODD_CONTROL_HYDRATION_01,SP02_EV03_TET4_ODD_CONTROL_FRAME,SP02_EV03_TET4_ODD_CONTROL_W01,HYDRATION_SUPPORT_CANDIDATE,CR120U tetrahedral realization not globally excluded,false
SP02_EV03_TET4_ODD_CONTROL,SP02_EV03_TET4_ODD_CONTROL_HYDRATION_02,SP02_EV03_TET4_ODD_CONTROL_FRAME,SP02_EV03_TET4_ODD_CONTROL_W02,HYDRATION_SUPPORT_CANDIDATE,CR120U tetrahedral realization not globally excluded,false
SP02_EV03_TET4_ODD_CONTROL,SP02_EV03_TET4_ODD_CONTROL_HYDRATION_03,SP02_EV03_TET4_ODD_CONTROL_FRAME,SP02_EV03_TET4_ODD_CONTROL_W03,HYDRATION_SUPPORT_CANDIDATE,CR120U tetrahedral realization not globally excluded,false
SP02_EV03_TET4_ODD_CONTROL,SP02_EV03_TET4_ODD_CONTROL_HYDRATION_04,SP02_EV03_TET4_ODD_CONTROL_FRAME,SP02_EV03_TET4_ODD_CONTROL_W04,HYDRATION_SUPPORT_CANDIDATE,CR120U tetrahedral realization not globally excluded,false
SP02_EV04_CORE_ONLY_CONTROL,SP02_EV04_CORE_ONLY_CONTROL_MEMBER_Na1,SP02_EV04_CORE_ONLY_CONTROL_FRAME,SP02_EV04_CORE_ONLY_CONTROL_CORE_Na1,FRAME_MEMBERSHIP,CR286 common graph construction,false
SP03_EV01_OCT6_PRIMARY,SP03_EV01_OCT6_PRIMARY_MEMBER_K1,SP03_EV01_OCT6_PRIMARY_FRAME,SP03_EV01_OCT6_PRIMARY_CORE_K1,FRAME_MEMBERSHIP,CR286 common graph construction,false
SP03_EV01_OCT6_PRIMARY,SP03_EV01_OCT6_PRIMARY_HYDRATION_01,SP03_EV01_OCT6_PRIMARY_FRAME,SP03_EV01_OCT6_PRIMARY_W01,HYDRATION_SUPPORT_CANDIDATE,CR120U six signed-axis vertices,false
SP03_EV01_OCT6_PRIMARY,SP03_EV01_OCT6_PRIMARY_HYDRATION_02,SP03_EV01_OCT6_PRIMARY_FRAME,SP03_EV01_OCT6_PRIMARY_W02,HYDRATION_SUPPORT_CANDIDATE,CR120U six signed-axis vertices,false
SP03_EV01_OCT6_PRIMARY,SP03_EV01_OCT6_PRIMARY_HYDRATION_03,SP03_EV01_OCT6_PRIMARY_FRAME,SP03_EV01_OCT6_PRIMARY_W03,HYDRATION_SUPPORT_CANDIDATE,CR120U six signed-axis vertices,false
SP03_EV01_OCT6_PRIMARY,SP03_EV01_OCT6_PRIMARY_HYDRATION_04,SP03_EV01_OCT6_PRIMARY_FRAME,SP03_EV01_OCT6_PRIMARY_W04,HYDRATION_SUPPORT_CANDIDATE,CR120U six signed-axis vertices,false
SP03_EV01_OCT6_PRIMARY,SP03_EV01_OCT6_PRIMARY_HYDRATION_05,SP03_EV01_OCT6_PRIMARY_FRAME,SP03_EV01_OCT6_PRIMARY_W05,HYDRATION_SUPPORT_CANDIDATE,CR120U six signed-axis vertices,false
SP03_EV01_OCT6_PRIMARY,SP03_EV01_OCT6_PRIMARY_HYDRATION_06,SP03_EV01_OCT6_PRIMARY_FRAME,SP03_EV01_OCT6_PRIMARY_W06,HYDRATION_SUPPORT_CANDIDATE,CR120U six signed-axis vertices,false
SP03_EV02_TET4_EVEN_CONTROL,SP03_EV02_TET4_EVEN_CONTROL_MEMBER_K1,SP03_EV02_TET4_EVEN_CONTROL_FRAME,SP03_EV02_TET4_EVEN_CONTROL_CORE_K1,FRAME_MEMBERSHIP,CR286 common graph construction,false
SP03_EV02_TET4_EVEN_CONTROL,SP03_EV02_TET4_EVEN_CONTROL_HYDRATION_01,SP03_EV02_TET4_EVEN_CONTROL_FRAME,SP03_EV02_TET4_EVEN_CONTROL_W01,HYDRATION_SUPPORT_CANDIDATE,CR120U tetrahedral realization not globally excluded,false
SP03_EV02_TET4_EVEN_CONTROL,SP03_EV02_TET4_EVEN_CONTROL_HYDRATION_02,SP03_EV02_TET4_EVEN_CONTROL_FRAME,SP03_EV02_TET4_EVEN_CONTROL_W02,HYDRATION_SUPPORT_CANDIDATE,CR120U tetrahedral realization not globally excluded,false
SP03_EV02_TET4_EVEN_CONTROL,SP03_EV02_TET4_EVEN_CONTROL_HYDRATION_03,SP03_EV02_TET4_EVEN_CONTROL_FRAME,SP03_EV02_TET4_EVEN_CONTROL_W03,HYDRATION_SUPPORT_CANDIDATE,CR120U tetrahedral realization not globally excluded,false
SP03_EV02_TET4_EVEN_CONTROL,SP03_EV02_TET4_EVEN_CONTROL_HYDRATION_04,SP03_EV02_TET4_EVEN_CONTROL_FRAME,SP03_EV02_TET4_EVEN_CONTROL_W04,HYDRATION_SUPPORT_CANDIDATE,CR120U tetrahedral realization not globally excluded,false
SP03_EV03_TET4_ODD_CONTROL,SP03_EV03_TET4_ODD_CONTROL_MEMBER_K1,SP03_EV03_TET4_ODD_CONTROL_FRAME,SP03_EV03_TET4_ODD_CONTROL_CORE_K1,FRAME_MEMBERSHIP,CR286 common graph construction,false
SP03_EV03_TET4_ODD_CONTROL,SP03_EV03_TET4_ODD_CONTROL_HYDRATION_01,SP03_EV03_TET4_ODD_CONTROL_FRAME,SP03_EV03_TET4_ODD_CONTROL_W01,HYDRATION_SUPPORT_CANDIDATE,CR120U tetrahedral realization not globally excluded,false
SP03_EV03_TET4_ODD_CONTROL,SP03_EV03_TET4_ODD_CONTROL_HYDRATION_02,SP03_EV03_TET4_ODD_CONTROL_FRAME,SP03_EV03_TET4_ODD_CONTROL_W02,HYDRATION_SUPPORT_CANDIDATE,CR120U tetrahedral realization not globally excluded,false
SP03_EV03_TET4_ODD_CONTROL,SP03_EV03_TET4_ODD_CONTROL_HYDRATION_03,SP03_EV03_TET4_ODD_CONTROL_FRAME,SP03_EV03_TET4_ODD_CONTROL_W03,HYDRATION_SUPPORT_CANDIDATE,CR120U tetrahedral realization not globally excluded,false
SP03_EV03_TET4_ODD_CONTROL,SP03_EV03_TET4_ODD_CONTROL_HYDRATION_04,SP03_EV03_TET4_ODD_CONTROL_FRAME,SP03_EV03_TET4_ODD_CONTROL_W04,HYDRATION_SUPPORT_CANDIDATE,CR120U tetrahedral realization not globally excluded,false
SP03_EV04_CORE_ONLY_CONTROL,SP03_EV04_CORE_ONLY_CONTROL_MEMBER_K1,SP03_EV04_CORE_ONLY_CONTROL_FRAME,SP03_EV04_CORE_ONLY_CONTROL_CORE_K1,FRAME_MEMBERSHIP,CR286 common graph construction,false
SP04_EV01_OCT6_PRIMARY,SP04_EV01_OCT6_PRIMARY_MEMBER_Mg1,SP04_EV01_OCT6_PRIMARY_FRAME,SP04_EV01_OCT6_PRIMARY_CORE_Mg1,FRAME_MEMBERSHIP,CR286 common graph construction,false
SP04_EV01_OCT6_PRIMARY,SP04_EV01_OCT6_PRIMARY_HYDRATION_01,SP04_EV01_OCT6_PRIMARY_FRAME,SP04_EV01_OCT6_PRIMARY_W01,HYDRATION_SUPPORT_CANDIDATE,CR120U six signed-axis vertices,false
SP04_EV01_OCT6_PRIMARY,SP04_EV01_OCT6_PRIMARY_HYDRATION_02,SP04_EV01_OCT6_PRIMARY_FRAME,SP04_EV01_OCT6_PRIMARY_W02,HYDRATION_SUPPORT_CANDIDATE,CR120U six signed-axis vertices,false
SP04_EV01_OCT6_PRIMARY,SP04_EV01_OCT6_PRIMARY_HYDRATION_03,SP04_EV01_OCT6_PRIMARY_FRAME,SP04_EV01_OCT6_PRIMARY_W03,HYDRATION_SUPPORT_CANDIDATE,CR120U six signed-axis vertices,false
SP04_EV01_OCT6_PRIMARY,SP04_EV01_OCT6_PRIMARY_HYDRATION_04,SP04_EV01_OCT6_PRIMARY_FRAME,SP04_EV01_OCT6_PRIMARY_W04,HYDRATION_SUPPORT_CANDIDATE,CR120U six signed-axis vertices,false
SP04_EV01_OCT6_PRIMARY,SP04_EV01_OCT6_PRIMARY_HYDRATION_05,SP04_EV01_OCT6_PRIMARY_FRAME,SP04_EV01_OCT6_PRIMARY_W05,HYDRATION_SUPPORT_CANDIDATE,CR120U six signed-axis vertices,false
SP04_EV01_OCT6_PRIMARY,SP04_EV01_OCT6_PRIMARY_HYDRATION_06,SP04_EV01_OCT6_PRIMARY_FRAME,SP04_EV01_OCT6_PRIMARY_W06,HYDRATION_SUPPORT_CANDIDATE,CR120U six signed-axis vertices,false
SP04_EV02_TET4_EVEN_CONTROL,SP04_EV02_TET4_EVEN_CONTROL_MEMBER_Mg1,SP04_EV02_TET4_EVEN_CONTROL_FRAME,SP04_EV02_TET4_EVEN_CONTROL_CORE_Mg1,FRAME_MEMBERSHIP,CR286 common graph construction,false
SP04_EV02_TET4_EVEN_CONTROL,SP04_EV02_TET4_EVEN_CONTROL_HYDRATION_01,SP04_EV02_TET4_EVEN_CONTROL_FRAME,SP04_EV02_TET4_EVEN_CONTROL_W01,HYDRATION_SUPPORT_CANDIDATE,CR120U tetrahedral realization not globally excluded,false
SP04_EV02_TET4_EVEN_CONTROL,SP04_EV02_TET4_EVEN_CONTROL_HYDRATION_02,SP04_EV02_TET4_EVEN_CONTROL_FRAME,SP04_EV02_TET4_EVEN_CONTROL_W02,HYDRATION_SUPPORT_CANDIDATE,CR120U tetrahedral realization not globally excluded,false
SP04_EV02_TET4_EVEN_CONTROL,SP04_EV02_TET4_EVEN_CONTROL_HYDRATION_03,SP04_EV02_TET4_EVEN_CONTROL_FRAME,SP04_EV02_TET4_EVEN_CONTROL_W03,HYDRATION_SUPPORT_CANDIDATE,CR120U tetrahedral realization not globally excluded,false
SP04_EV02_TET4_EVEN_CONTROL,SP04_EV02_TET4_EVEN_CONTROL_HYDRATION_04,SP04_EV02_TET4_EVEN_CONTROL_FRAME,SP04_EV02_TET4_EVEN_CONTROL_W04,HYDRATION_SUPPORT_CANDIDATE,CR120U tetrahedral realization not globally excluded,false
SP04_EV03_TET4_ODD_CONTROL,SP04_EV03_TET4_ODD_CONTROL_MEMBER_Mg1,SP04_EV03_TET4_ODD_CONTROL_FRAME,SP04_EV03_TET4_ODD_CONTROL_CORE_Mg1,FRAME_MEMBERSHIP,CR286 common graph construction,false
SP04_EV03_TET4_ODD_CONTROL,SP04_EV03_TET4_ODD_CONTROL_HYDRATION_01,SP04_EV03_TET4_ODD_CONTROL_FRAME,SP04_EV03_TET4_ODD_CONTROL_W01,HYDRATION_SUPPORT_CANDIDATE,CR120U tetrahedral realization not globally excluded,false
SP04_EV03_TET4_ODD_CONTROL,SP04_EV03_TET4_ODD_CONTROL_HYDRATION_02,SP04_EV03_TET4_ODD_CONTROL_FRAME,SP04_EV03_TET4_ODD_CONTROL_W02,HYDRATION_SUPPORT_CANDIDATE,CR120U tetrahedral realization not globally excluded,false
SP04_EV03_TET4_ODD_CONTROL,SP04_EV03_TET4_ODD_CONTROL_HYDRATION_03,SP04_EV03_TET4_ODD_CONTROL_FRAME,SP04_EV03_TET4_ODD_CONTROL_W03,HYDRATION_SUPPORT_CANDIDATE,CR120U tetrahedral realization not globally excluded,false
SP04_EV03_TET4_ODD_CONTROL,SP04_EV03_TET4_ODD_CONTROL_HYDRATION_04,SP04_EV03_TET4_ODD_CONTROL_FRAME,SP04_EV03_TET4_ODD_CONTROL_W04,HYDRATION_SUPPORT_CANDIDATE,CR120U tetrahedral realization not globally excluded,false
SP04_EV04_CORE_ONLY_CONTROL,SP04_EV04_CORE_ONLY_CONTROL_MEMBER_Mg1,SP04_EV04_CORE_ONLY_CONTROL_FRAME,SP04_EV04_CORE_ONLY_CONTROL_CORE_Mg1,FRAME_MEMBERSHIP,CR286 common graph construction,false
SP05_EV01_OCT6_PRIMARY,SP05_EV01_OCT6_PRIMARY_MEMBER_Ca1,SP05_EV01_OCT6_PRIMARY_FRAME,SP05_EV01_OCT6_PRIMARY_CORE_Ca1,FRAME_MEMBERSHIP,CR286 common graph construction,false
SP05_EV01_OCT6_PRIMARY,SP05_EV01_OCT6_PRIMARY_HYDRATION_01,SP05_EV01_OCT6_PRIMARY_FRAME,SP05_EV01_OCT6_PRIMARY_W01,HYDRATION_SUPPORT_CANDIDATE,CR120U six signed-axis vertices,false
SP05_EV01_OCT6_PRIMARY,SP05_EV01_OCT6_PRIMARY_HYDRATION_02,SP05_EV01_OCT6_PRIMARY_FRAME,SP05_EV01_OCT6_PRIMARY_W02,HYDRATION_SUPPORT_CANDIDATE,CR120U six signed-axis vertices,false
SP05_EV01_OCT6_PRIMARY,SP05_EV01_OCT6_PRIMARY_HYDRATION_03,SP05_EV01_OCT6_PRIMARY_FRAME,SP05_EV01_OCT6_PRIMARY_W03,HYDRATION_SUPPORT_CANDIDATE,CR120U six signed-axis vertices,false
SP05_EV01_OCT6_PRIMARY,SP05_EV01_OCT6_PRIMARY_HYDRATION_04,SP05_EV01_OCT6_PRIMARY_FRAME,SP05_EV01_OCT6_PRIMARY_W04,HYDRATION_SUPPORT_CANDIDATE,CR120U six signed-axis vertices,false
SP05_EV01_OCT6_PRIMARY,SP05_EV01_OCT6_PRIMARY_HYDRATION_05,SP05_EV01_OCT6_PRIMARY_FRAME,SP05_EV01_OCT6_PRIMARY_W05,HYDRATION_SUPPORT_CANDIDATE,CR120U six signed-axis vertices,false
SP05_EV01_OCT6_PRIMARY,SP05_EV01_OCT6_PRIMARY_HYDRATION_06,SP05_EV01_OCT6_PRIMARY_FRAME,SP05_EV01_OCT6_PRIMARY_W06,HYDRATION_SUPPORT_CANDIDATE,CR120U six signed-axis vertices,false
SP05_EV02_TET4_EVEN_CONTROL,SP05_EV02_TET4_EVEN_CONTROL_MEMBER_Ca1,SP05_EV02_TET4_EVEN_CONTROL_FRAME,SP05_EV02_TET4_EVEN_CONTROL_CORE_Ca1,FRAME_MEMBERSHIP,CR286 common graph construction,false
SP05_EV02_TET4_EVEN_CONTROL,SP05_EV02_TET4_EVEN_CONTROL_HYDRATION_01,SP05_EV02_TET4_EVEN_CONTROL_FRAME,SP05_EV02_TET4_EVEN_CONTROL_W01,HYDRATION_SUPPORT_CANDIDATE,CR120U tetrahedral realization not globally excluded,false
SP05_EV02_TET4_EVEN_CONTROL,SP05_EV02_TET4_EVEN_CONTROL_HYDRATION_02,SP05_EV02_TET4_EVEN_CONTROL_FRAME,SP05_EV02_TET4_EVEN_CONTROL_W02,HYDRATION_SUPPORT_CANDIDATE,CR120U tetrahedral realization not globally excluded,false
SP05_EV02_TET4_EVEN_CONTROL,SP05_EV02_TET4_EVEN_CONTROL_HYDRATION_03,SP05_EV02_TET4_EVEN_CONTROL_FRAME,SP05_EV02_TET4_EVEN_CONTROL_W03,HYDRATION_SUPPORT_CANDIDATE,CR120U tetrahedral realization not globally excluded,false
SP05_EV02_TET4_EVEN_CONTROL,SP05_EV02_TET4_EVEN_CONTROL_HYDRATION_04,SP05_EV02_TET4_EVEN_CONTROL_FRAME,SP05_EV02_TET4_EVEN_CONTROL_W04,HYDRATION_SUPPORT_CANDIDATE,CR120U tetrahedral realization not globally excluded,false
SP05_EV03_TET4_ODD_CONTROL,SP05_EV03_TET4_ODD_CONTROL_MEMBER_Ca1,SP05_EV03_TET4_ODD_CONTROL_FRAME,SP05_EV03_TET4_ODD_CONTROL_CORE_Ca1,FRAME_MEMBERSHIP,CR286 common graph construction,false
SP05_EV03_TET4_ODD_CONTROL,SP05_EV03_TET4_ODD_CONTROL_HYDRATION_01,SP05_EV03_TET4_ODD_CONTROL_FRAME,SP05_EV03_TET4_ODD_CONTROL_W01,HYDRATION_SUPPORT_CANDIDATE,CR120U tetrahedral realization not globally excluded,false
SP05_EV03_TET4_ODD_CONTROL,SP05_EV03_TET4_ODD_CONTROL_HYDRATION_02,SP05_EV03_TET4_ODD_CONTROL_FRAME,SP05_EV03_TET4_ODD_CONTROL_W02,HYDRATION_SUPPORT_CANDIDATE,CR120U tetrahedral realization not globally excluded,false
SP05_EV03_TET4_ODD_CONTROL,SP05_EV03_TET4_ODD_CONTROL_HYDRATION_03,SP05_EV03_TET4_ODD_CONTROL_FRAME,SP05_EV03_TET4_ODD_CONTROL_W03,HYDRATION_SUPPORT_CANDIDATE,CR120U tetrahedral realization not globally excluded,false
SP05_EV03_TET4_ODD_CONTROL,SP05_EV03_TET4_ODD_CONTROL_HYDRATION_04,SP05_EV03_TET4_ODD_CONTROL_FRAME,SP05_EV03_TET4_ODD_CONTROL_W04,HYDRATION_SUPPORT_CANDIDATE,CR120U tetrahedral realization not globally excluded,false
SP05_EV04_CORE_ONLY_CONTROL,SP05_EV04_CORE_ONLY_CONTROL_MEMBER_Ca1,SP05_EV04_CORE_ONLY_CONTROL_FRAME,SP05_EV04_CORE_ONLY_CONTROL_CORE_Ca1,FRAME_MEMBERSHIP,CR286 common graph construction,false
SP06_EV01_OCT6_PRIMARY,SP06_EV01_OCT6_PRIMARY_MEMBER_Cl1,SP06_EV01_OCT6_PRIMARY_FRAME,SP06_EV01_OCT6_PRIMARY_CORE_Cl1,FRAME_MEMBERSHIP,CR286 common graph construction,false
SP06_EV01_OCT6_PRIMARY,SP06_EV01_OCT6_PRIMARY_HYDRATION_01,SP06_EV01_OCT6_PRIMARY_FRAME,SP06_EV01_OCT6_PRIMARY_W01,HYDRATION_SUPPORT_CANDIDATE,CR120U six signed-axis vertices,false
SP06_EV01_OCT6_PRIMARY,SP06_EV01_OCT6_PRIMARY_HYDRATION_02,SP06_EV01_OCT6_PRIMARY_FRAME,SP06_EV01_OCT6_PRIMARY_W02,HYDRATION_SUPPORT_CANDIDATE,CR120U six signed-axis vertices,false
SP06_EV01_OCT6_PRIMARY,SP06_EV01_OCT6_PRIMARY_HYDRATION_03,SP06_EV01_OCT6_PRIMARY_FRAME,SP06_EV01_OCT6_PRIMARY_W03,HYDRATION_SUPPORT_CANDIDATE,CR120U six signed-axis vertices,false
SP06_EV01_OCT6_PRIMARY,SP06_EV01_OCT6_PRIMARY_HYDRATION_04,SP06_EV01_OCT6_PRIMARY_FRAME,SP06_EV01_OCT6_PRIMARY_W04,HYDRATION_SUPPORT_CANDIDATE,CR120U six signed-axis vertices,false
SP06_EV01_OCT6_PRIMARY,SP06_EV01_OCT6_PRIMARY_HYDRATION_05,SP06_EV01_OCT6_PRIMARY_FRAME,SP06_EV01_OCT6_PRIMARY_W05,HYDRATION_SUPPORT_CANDIDATE,CR120U six signed-axis vertices,false
SP06_EV01_OCT6_PRIMARY,SP06_EV01_OCT6_PRIMARY_HYDRATION_06,SP06_EV01_OCT6_PRIMARY_FRAME,SP06_EV01_OCT6_PRIMARY_W06,HYDRATION_SUPPORT_CANDIDATE,CR120U six signed-axis vertices,false
SP06_EV02_TET4_EVEN_CONTROL,SP06_EV02_TET4_EVEN_CONTROL_MEMBER_Cl1,SP06_EV02_TET4_EVEN_CONTROL_FRAME,SP06_EV02_TET4_EVEN_CONTROL_CORE_Cl1,FRAME_MEMBERSHIP,CR286 common graph construction,false
SP06_EV02_TET4_EVEN_CONTROL,SP06_EV02_TET4_EVEN_CONTROL_HYDRATION_01,SP06_EV02_TET4_EVEN_CONTROL_FRAME,SP06_EV02_TET4_EVEN_CONTROL_W01,HYDRATION_SUPPORT_CANDIDATE,CR120U tetrahedral realization not globally excluded,false
SP06_EV02_TET4_EVEN_CONTROL,SP06_EV02_TET4_EVEN_CONTROL_HYDRATION_02,SP06_EV02_TET4_EVEN_CONTROL_FRAME,SP06_EV02_TET4_EVEN_CONTROL_W02,HYDRATION_SUPPORT_CANDIDATE,CR120U tetrahedral realization not globally excluded,false
SP06_EV02_TET4_EVEN_CONTROL,SP06_EV02_TET4_EVEN_CONTROL_HYDRATION_03,SP06_EV02_TET4_EVEN_CONTROL_FRAME,SP06_EV02_TET4_EVEN_CONTROL_W03,HYDRATION_SUPPORT_CANDIDATE,CR120U tetrahedral realization not globally excluded,false
SP06_EV02_TET4_EVEN_CONTROL,SP06_EV02_TET4_EVEN_CONTROL_HYDRATION_04,SP06_EV02_TET4_EVEN_CONTROL_FRAME,SP06_EV02_TET4_EVEN_CONTROL_W04,HYDRATION_SUPPORT_CANDIDATE,CR120U tetrahedral realization not globally excluded,false
SP06_EV03_TET4_ODD_CONTROL,SP06_EV03_TET4_ODD_CONTROL_MEMBER_Cl1,SP06_EV03_TET4_ODD_CONTROL_FRAME,SP06_EV03_TET4_ODD_CONTROL_CORE_Cl1,FRAME_MEMBERSHIP,CR286 common graph construction,false
SP06_EV03_TET4_ODD_CONTROL,SP06_EV03_TET4_ODD_CONTROL_HYDRATION_01,SP06_EV03_TET4_ODD_CONTROL_FRAME,SP06_EV03_TET4_ODD_CONTROL_W01,HYDRATION_SUPPORT_CANDIDATE,CR120U tetrahedral realization not globally excluded,false
SP06_EV03_TET4_ODD_CONTROL,SP06_EV03_TET4_ODD_CONTROL_HYDRATION_02,SP06_EV03_TET4_ODD_CONTROL_FRAME,SP06_EV03_TET4_ODD_CONTROL_W02,HYDRATION_SUPPORT_CANDIDATE,CR120U tetrahedral realization not globally excluded,false
SP06_EV03_TET4_ODD_CONTROL,SP06_EV03_TET4_ODD_CONTROL_HYDRATION_03,SP06_EV03_TET4_ODD_CONTROL_FRAME,SP06_EV03_TET4_ODD_CONTROL_W03,HYDRATION_SUPPORT_CANDIDATE,CR120U tetrahedral realization not globally excluded,false
SP06_EV03_TET4_ODD_CONTROL,SP06_EV03_TET4_ODD_CONTROL_HYDRATION_04,SP06_EV03_TET4_ODD_CONTROL_FRAME,SP06_EV03_TET4_ODD_CONTROL_W04,HYDRATION_SUPPORT_CANDIDATE,CR120U tetrahedral realization not globally excluded,false
SP06_EV04_CORE_ONLY_CONTROL,SP06_EV04_CORE_ONLY_CONTROL_MEMBER_Cl1,SP06_EV04_CORE_ONLY_CONTROL_FRAME,SP06_EV04_CORE_ONLY_CONTROL_CORE_Cl1,FRAME_MEMBERSHIP,CR286 common graph construction,false
SP07_EV01_OCT6_PRIMARY,SP07_EV01_OCT6_PRIMARY_MEMBER_O1,SP07_EV01_OCT6_PRIMARY_FRAME,SP07_EV01_OCT6_PRIMARY_CORE_O1,FRAME_MEMBERSHIP,CR286 common graph construction,false
SP07_EV01_OCT6_PRIMARY,SP07_EV01_OCT6_PRIMARY_MEMBER_O2,SP07_EV01_OCT6_PRIMARY_FRAME,SP07_EV01_OCT6_PRIMARY_CORE_O2,FRAME_MEMBERSHIP,CR286 common graph construction,false
SP07_EV01_OCT6_PRIMARY,SP07_EV01_OCT6_PRIMARY_MEMBER_O3,SP07_EV01_OCT6_PRIMARY_FRAME,SP07_EV01_OCT6_PRIMARY_CORE_O3,FRAME_MEMBERSHIP,CR286 common graph construction,false
SP07_EV01_OCT6_PRIMARY,SP07_EV01_OCT6_PRIMARY_MEMBER_O4,SP07_EV01_OCT6_PRIMARY_FRAME,SP07_EV01_OCT6_PRIMARY_CORE_O4,FRAME_MEMBERSHIP,CR286 common graph construction,false
SP07_EV01_OCT6_PRIMARY,SP07_EV01_OCT6_PRIMARY_MEMBER_S1,SP07_EV01_OCT6_PRIMARY_FRAME,SP07_EV01_OCT6_PRIMARY_CORE_S1,FRAME_MEMBERSHIP,CR286 common graph construction,false
SP07_EV01_OCT6_PRIMARY,SP07_EV01_OCT6_PRIMARY_CORE_B01,SP07_EV01_OCT6_PRIMARY_CORE_S1,SP07_EV01_OCT6_PRIMARY_CORE_O1,DECLARED_CONNECTIVITY_NO_BOND_ORDER,SO4^2- formula connectivity,connectivity_only_no_order_or_energy
SP07_EV01_OCT6_PRIMARY,SP07_EV01_OCT6_PRIMARY_CORE_B02,SP07_EV01_OCT6_PRIMARY_CORE_S1,SP07_EV01_OCT6_PRIMARY_CORE_O2,DECLARED_CONNECTIVITY_NO_BOND_ORDER,SO4^2- formula connectivity,connectivity_only_no_order_or_energy
SP07_EV01_OCT6_PRIMARY,SP07_EV01_OCT6_PRIMARY_CORE_B03,SP07_EV01_OCT6_PRIMARY_CORE_S1,SP07_EV01_OCT6_PRIMARY_CORE_O3,DECLARED_CONNECTIVITY_NO_BOND_ORDER,SO4^2- formula connectivity,connectivity_only_no_order_or_energy
SP07_EV01_OCT6_PRIMARY,SP07_EV01_OCT6_PRIMARY_CORE_B04,SP07_EV01_OCT6_PRIMARY_CORE_S1,SP07_EV01_OCT6_PRIMARY_CORE_O4,DECLARED_CONNECTIVITY_NO_BOND_ORDER,SO4^2- formula connectivity,connectivity_only_no_order_or_energy
SP07_EV01_OCT6_PRIMARY,SP07_EV01_OCT6_PRIMARY_HYDRATION_01,SP07_EV01_OCT6_PRIMARY_FRAME,SP07_EV01_OCT6_PRIMARY_W01,HYDRATION_SUPPORT_CANDIDATE,CR120U six signed-axis vertices,false
SP07_EV01_OCT6_PRIMARY,SP07_EV01_OCT6_PRIMARY_HYDRATION_02,SP07_EV01_OCT6_PRIMARY_FRAME,SP07_EV01_OCT6_PRIMARY_W02,HYDRATION_SUPPORT_CANDIDATE,CR120U six signed-axis vertices,false
SP07_EV01_OCT6_PRIMARY,SP07_EV01_OCT6_PRIMARY_HYDRATION_03,SP07_EV01_OCT6_PRIMARY_FRAME,SP07_EV01_OCT6_PRIMARY_W03,HYDRATION_SUPPORT_CANDIDATE,CR120U six signed-axis vertices,false
SP07_EV01_OCT6_PRIMARY,SP07_EV01_OCT6_PRIMARY_HYDRATION_04,SP07_EV01_OCT6_PRIMARY_FRAME,SP07_EV01_OCT6_PRIMARY_W04,HYDRATION_SUPPORT_CANDIDATE,CR120U six signed-axis vertices,false
SP07_EV01_OCT6_PRIMARY,SP07_EV01_OCT6_PRIMARY_HYDRATION_05,SP07_EV01_OCT6_PRIMARY_FRAME,SP07_EV01_OCT6_PRIMARY_W05,HYDRATION_SUPPORT_CANDIDATE,CR120U six signed-axis vertices,false
SP07_EV01_OCT6_PRIMARY,SP07_EV01_OCT6_PRIMARY_HYDRATION_06,SP07_EV01_OCT6_PRIMARY_FRAME,SP07_EV01_OCT6_PRIMARY_W06,HYDRATION_SUPPORT_CANDIDATE,CR120U six signed-axis vertices,false
SP07_EV02_TET4_EVEN_CONTROL,SP07_EV02_TET4_EVEN_CONTROL_MEMBER_O1,SP07_EV02_TET4_EVEN_CONTROL_FRAME,SP07_EV02_TET4_EVEN_CONTROL_CORE_O1,FRAME_MEMBERSHIP,CR286 common graph construction,false
SP07_EV02_TET4_EVEN_CONTROL,SP07_EV02_TET4_EVEN_CONTROL_MEMBER_O2,SP07_EV02_TET4_EVEN_CONTROL_FRAME,SP07_EV02_TET4_EVEN_CONTROL_CORE_O2,FRAME_MEMBERSHIP,CR286 common graph construction,false
SP07_EV02_TET4_EVEN_CONTROL,SP07_EV02_TET4_EVEN_CONTROL_MEMBER_O3,SP07_EV02_TET4_EVEN_CONTROL_FRAME,SP07_EV02_TET4_EVEN_CONTROL_CORE_O3,FRAME_MEMBERSHIP,CR286 common graph construction,false
SP07_EV02_TET4_EVEN_CONTROL,SP07_EV02_TET4_EVEN_CONTROL_MEMBER_O4,SP07_EV02_TET4_EVEN_CONTROL_FRAME,SP07_EV02_TET4_EVEN_CONTROL_CORE_O4,FRAME_MEMBERSHIP,CR286 common graph construction,false
SP07_EV02_TET4_EVEN_CONTROL,SP07_EV02_TET4_EVEN_CONTROL_MEMBER_S1,SP07_EV02_TET4_EVEN_CONTROL_FRAME,SP07_EV02_TET4_EVEN_CONTROL_CORE_S1,FRAME_MEMBERSHIP,CR286 common graph construction,false
SP07_EV02_TET4_EVEN_CONTROL,SP07_EV02_TET4_EVEN_CONTROL_CORE_B01,SP07_EV02_TET4_EVEN_CONTROL_CORE_S1,SP07_EV02_TET4_EVEN_CONTROL_CORE_O1,DECLARED_CONNECTIVITY_NO_BOND_ORDER,SO4^2- formula connectivity,connectivity_only_no_order_or_energy
SP07_EV02_TET4_EVEN_CONTROL,SP07_EV02_TET4_EVEN_CONTROL_CORE_B02,SP07_EV02_TET4_EVEN_CONTROL_CORE_S1,SP07_EV02_TET4_EVEN_CONTROL_CORE_O2,DECLARED_CONNECTIVITY_NO_BOND_ORDER,SO4^2- formula connectivity,connectivity_only_no_order_or_energy
SP07_EV02_TET4_EVEN_CONTROL,SP07_EV02_TET4_EVEN_CONTROL_CORE_B03,SP07_EV02_TET4_EVEN_CONTROL_CORE_S1,SP07_EV02_TET4_EVEN_CONTROL_CORE_O3,DECLARED_CONNECTIVITY_NO_BOND_ORDER,SO4^2- formula connectivity,connectivity_only_no_order_or_energy
SP07_EV02_TET4_EVEN_CONTROL,SP07_EV02_TET4_EVEN_CONTROL_CORE_B04,SP07_EV02_TET4_EVEN_CONTROL_CORE_S1,SP07_EV02_TET4_EVEN_CONTROL_CORE_O4,DECLARED_CONNECTIVITY_NO_BOND_ORDER,SO4^2- formula connectivity,connectivity_only_no_order_or_energy
SP07_EV02_TET4_EVEN_CONTROL,SP07_EV02_TET4_EVEN_CONTROL_HYDRATION_01,SP07_EV02_TET4_EVEN_CONTROL_FRAME,SP07_EV02_TET4_EVEN_CONTROL_W01,HYDRATION_SUPPORT_CANDIDATE,CR120U tetrahedral realization not globally excluded,false
SP07_EV02_TET4_EVEN_CONTROL,SP07_EV02_TET4_EVEN_CONTROL_HYDRATION_02,SP07_EV02_TET4_EVEN_CONTROL_FRAME,SP07_EV02_TET4_EVEN_CONTROL_W02,HYDRATION_SUPPORT_CANDIDATE,CR120U tetrahedral realization not globally excluded,false
SP07_EV02_TET4_EVEN_CONTROL,SP07_EV02_TET4_EVEN_CONTROL_HYDRATION_03,SP07_EV02_TET4_EVEN_CONTROL_FRAME,SP07_EV02_TET4_EVEN_CONTROL_W03,HYDRATION_SUPPORT_CANDIDATE,CR120U tetrahedral realization not globally excluded,false
SP07_EV02_TET4_EVEN_CONTROL,SP07_EV02_TET4_EVEN_CONTROL_HYDRATION_04,SP07_EV02_TET4_EVEN_CONTROL_FRAME,SP07_EV02_TET4_EVEN_CONTROL_W04,HYDRATION_SUPPORT_CANDIDATE,CR120U tetrahedral realization not globally excluded,false
SP07_EV03_TET4_ODD_CONTROL,SP07_EV03_TET4_ODD_CONTROL_MEMBER_O1,SP07_EV03_TET4_ODD_CONTROL_FRAME,SP07_EV03_TET4_ODD_CONTROL_CORE_O1,FRAME_MEMBERSHIP,CR286 common graph construction,false
SP07_EV03_TET4_ODD_CONTROL,SP07_EV03_TET4_ODD_CONTROL_MEMBER_O2,SP07_EV03_TET4_ODD_CONTROL_FRAME,SP07_EV03_TET4_ODD_CONTROL_CORE_O2,FRAME_MEMBERSHIP,CR286 common graph construction,false
SP07_EV03_TET4_ODD_CONTROL,SP07_EV03_TET4_ODD_CONTROL_MEMBER_O3,SP07_EV03_TET4_ODD_CONTROL_FRAME,SP07_EV03_TET4_ODD_CONTROL_CORE_O3,FRAME_MEMBERSHIP,CR286 common graph construction,false
SP07_EV03_TET4_ODD_CONTROL,SP07_EV03_TET4_ODD_CONTROL_MEMBER_O4,SP07_EV03_TET4_ODD_CONTROL_FRAME,SP07_EV03_TET4_ODD_CONTROL_CORE_O4,FRAME_MEMBERSHIP,CR286 common graph construction,false
SP07_EV03_TET4_ODD_CONTROL,SP07_EV03_TET4_ODD_CONTROL_MEMBER_S1,SP07_EV03_TET4_ODD_CONTROL_FRAME,SP07_EV03_TET4_ODD_CONTROL_CORE_S1,FRAME_MEMBERSHIP,CR286 common graph construction,false
SP07_EV03_TET4_ODD_CONTROL,SP07_EV03_TET4_ODD_CONTROL_CORE_B01,SP07_EV03_TET4_ODD_CONTROL_CORE_S1,SP07_EV03_TET4_ODD_CONTROL_CORE_O1,DECLARED_CONNECTIVITY_NO_BOND_ORDER,SO4^2- formula connectivity,connectivity_only_no_order_or_energy
SP07_EV03_TET4_ODD_CONTROL,SP07_EV03_TET4_ODD_CONTROL_CORE_B02,SP07_EV03_TET4_ODD_CONTROL_CORE_S1,SP07_EV03_TET4_ODD_CONTROL_CORE_O2,DECLARED_CONNECTIVITY_NO_BOND_ORDER,SO4^2- formula connectivity,connectivity_only_no_order_or_energy
SP07_EV03_TET4_ODD_CONTROL,SP07_EV03_TET4_ODD_CONTROL_CORE_B03,SP07_EV03_TET4_ODD_CONTROL_CORE_S1,SP07_EV03_TET4_ODD_CONTROL_CORE_O3,DECLARED_CONNECTIVITY_NO_BOND_ORDER,SO4^2- formula connectivity,connectivity_only_no_order_or_energy
SP07_EV03_TET4_ODD_CONTROL,SP07_EV03_TET4_ODD_CONTROL_CORE_B04,SP07_EV03_TET4_ODD_CONTROL_CORE_S1,SP07_EV03_TET4_ODD_CONTROL_CORE_O4,DECLARED_CONNECTIVITY_NO_BOND_ORDER,SO4^2- formula connectivity,connectivity_only_no_order_or_energy
SP07_EV03_TET4_ODD_CONTROL,SP07_EV03_TET4_ODD_CONTROL_HYDRATION_01,SP07_EV03_TET4_ODD_CONTROL_FRAME,SP07_EV03_TET4_ODD_CONTROL_W01,HYDRATION_SUPPORT_CANDIDATE,CR120U tetrahedral realization not globally excluded,false
SP07_EV03_TET4_ODD_CONTROL,SP07_EV03_TET4_ODD_CONTROL_HYDRATION_02,SP07_EV03_TET4_ODD_CONTROL_FRAME,SP07_EV03_TET4_ODD_CONTROL_W02,HYDRATION_SUPPORT_CANDIDATE,CR120U tetrahedral realization not globally excluded,false
SP07_EV03_TET4_ODD_CONTROL,SP07_EV03_TET4_ODD_CONTROL_HYDRATION_03,SP07_EV03_TET4_ODD_CONTROL_FRAME,SP07_EV03_TET4_ODD_CONTROL_W03,HYDRATION_SUPPORT_CANDIDATE,CR120U tetrahedral realization not globally excluded,false
SP07_EV03_TET4_ODD_CONTROL,SP07_EV03_TET4_ODD_CONTROL_HYDRATION_04,SP07_EV03_TET4_ODD_CONTROL_FRAME,SP07_EV03_TET4_ODD_CONTROL_W04,HYDRATION_SUPPORT_CANDIDATE,CR120U tetrahedral realization not globally excluded,false
SP07_EV04_CORE_ONLY_CONTROL,SP07_EV04_CORE_ONLY_CONTROL_MEMBER_O1,SP07_EV04_CORE_ONLY_CONTROL_FRAME,SP07_EV04_CORE_ONLY_CONTROL_CORE_O1,FRAME_MEMBERSHIP,CR286 common graph construction,false
SP07_EV04_CORE_ONLY_CONTROL,SP07_EV04_CORE_ONLY_CONTROL_MEMBER_O2,SP07_EV04_CORE_ONLY_CONTROL_FRAME,SP07_EV04_CORE_ONLY_CONTROL_CORE_O2,FRAME_MEMBERSHIP,CR286 common graph construction,false
SP07_EV04_CORE_ONLY_CONTROL,SP07_EV04_CORE_ONLY_CONTROL_MEMBER_O3,SP07_EV04_CORE_ONLY_CONTROL_FRAME,SP07_EV04_CORE_ONLY_CONTROL_CORE_O3,FRAME_MEMBERSHIP,CR286 common graph construction,false
SP07_EV04_CORE_ONLY_CONTROL,SP07_EV04_CORE_ONLY_CONTROL_MEMBER_O4,SP07_EV04_CORE_ONLY_CONTROL_FRAME,SP07_EV04_CORE_ONLY_CONTROL_CORE_O4,FRAME_MEMBERSHIP,CR286 common graph construction,false
SP07_EV04_CORE_ONLY_CONTROL,SP07_EV04_CORE_ONLY_CONTROL_MEMBER_S1,SP07_EV04_CORE_ONLY_CONTROL_FRAME,SP07_EV04_CORE_ONLY_CONTROL_CORE_S1,FRAME_MEMBERSHIP,CR286 common graph construction,false
SP07_EV04_CORE_ONLY_CONTROL,SP07_EV04_CORE_ONLY_CONTROL_CORE_B01,SP07_EV04_CORE_ONLY_CONTROL_CORE_S1,SP07_EV04_CORE_ONLY_CONTROL_CORE_O1,DECLARED_CONNECTIVITY_NO_BOND_ORDER,SO4^2- formula connectivity,connectivity_only_no_order_or_energy
SP07_EV04_CORE_ONLY_CONTROL,SP07_EV04_CORE_ONLY_CONTROL_CORE_B02,SP07_EV04_CORE_ONLY_CONTROL_CORE_S1,SP07_EV04_CORE_ONLY_CONTROL_CORE_O2,DECLARED_CONNECTIVITY_NO_BOND_ORDER,SO4^2- formula connectivity,connectivity_only_no_order_or_energy
SP07_EV04_CORE_ONLY_CONTROL,SP07_EV04_CORE_ONLY_CONTROL_CORE_B03,SP07_EV04_CORE_ONLY_CONTROL_CORE_S1,SP07_EV04_CORE_ONLY_CONTROL_CORE_O3,DECLARED_CONNECTIVITY_NO_BOND_ORDER,SO4^2- formula connectivity,connectivity_only_no_order_or_energy
SP07_EV04_CORE_ONLY_CONTROL,SP07_EV04_CORE_ONLY_CONTROL_CORE_B04,SP07_EV04_CORE_ONLY_CONTROL_CORE_S1,SP07_EV04_CORE_ONLY_CONTROL_CORE_O4,DECLARED_CONNECTIVITY_NO_BOND_ORDER,SO4^2- formula connectivity,connectivity_only_no_order_or_energy
SP08_EV01_OCT6_PRIMARY,SP08_EV01_OCT6_PRIMARY_MEMBER_B1,SP08_EV01_OCT6_PRIMARY_FRAME,SP08_EV01_OCT6_PRIMARY_CORE_B1,FRAME_MEMBERSHIP,CR286 common graph construction,false
SP08_EV01_OCT6_PRIMARY,SP08_EV01_OCT6_PRIMARY_MEMBER_H1,SP08_EV01_OCT6_PRIMARY_FRAME,SP08_EV01_OCT6_PRIMARY_CORE_H1,FRAME_MEMBERSHIP,CR286 common graph construction,false
SP08_EV01_OCT6_PRIMARY,SP08_EV01_OCT6_PRIMARY_MEMBER_H2,SP08_EV01_OCT6_PRIMARY_FRAME,SP08_EV01_OCT6_PRIMARY_CORE_H2,FRAME_MEMBERSHIP,CR286 common graph construction,false
SP08_EV01_OCT6_PRIMARY,SP08_EV01_OCT6_PRIMARY_MEMBER_H3,SP08_EV01_OCT6_PRIMARY_FRAME,SP08_EV01_OCT6_PRIMARY_CORE_H3,FRAME_MEMBERSHIP,CR286 common graph construction,false
SP08_EV01_OCT6_PRIMARY,SP08_EV01_OCT6_PRIMARY_MEMBER_O1,SP08_EV01_OCT6_PRIMARY_FRAME,SP08_EV01_OCT6_PRIMARY_CORE_O1,FRAME_MEMBERSHIP,CR286 common graph construction,false
SP08_EV01_OCT6_PRIMARY,SP08_EV01_OCT6_PRIMARY_MEMBER_O2,SP08_EV01_OCT6_PRIMARY_FRAME,SP08_EV01_OCT6_PRIMARY_CORE_O2,FRAME_MEMBERSHIP,CR286 common graph construction,false
SP08_EV01_OCT6_PRIMARY,SP08_EV01_OCT6_PRIMARY_MEMBER_O3,SP08_EV01_OCT6_PRIMARY_FRAME,SP08_EV01_OCT6_PRIMARY_CORE_O3,FRAME_MEMBERSHIP,CR286 common graph construction,false
SP08_EV01_OCT6_PRIMARY,SP08_EV01_OCT6_PRIMARY_CORE_B01,SP08_EV01_OCT6_PRIMARY_CORE_B1,SP08_EV01_OCT6_PRIMARY_CORE_O1,DECLARED_CONNECTIVITY_NO_BOND_ORDER,B(OH)3 formula connectivity,connectivity_only_no_order_or_energy
SP08_EV01_OCT6_PRIMARY,SP08_EV01_OCT6_PRIMARY_CORE_B02,SP08_EV01_OCT6_PRIMARY_CORE_B1,SP08_EV01_OCT6_PRIMARY_CORE_O2,DECLARED_CONNECTIVITY_NO_BOND_ORDER,B(OH)3 formula connectivity,connectivity_only_no_order_or_energy
SP08_EV01_OCT6_PRIMARY,SP08_EV01_OCT6_PRIMARY_CORE_B03,SP08_EV01_OCT6_PRIMARY_CORE_B1,SP08_EV01_OCT6_PRIMARY_CORE_O3,DECLARED_CONNECTIVITY_NO_BOND_ORDER,B(OH)3 formula connectivity,connectivity_only_no_order_or_energy
SP08_EV01_OCT6_PRIMARY,SP08_EV01_OCT6_PRIMARY_CORE_B04,SP08_EV01_OCT6_PRIMARY_CORE_O1,SP08_EV01_OCT6_PRIMARY_CORE_H1,DECLARED_CONNECTIVITY_NO_BOND_ORDER,B(OH)3 formula connectivity,connectivity_only_no_order_or_energy
SP08_EV01_OCT6_PRIMARY,SP08_EV01_OCT6_PRIMARY_CORE_B05,SP08_EV01_OCT6_PRIMARY_CORE_O2,SP08_EV01_OCT6_PRIMARY_CORE_H2,DECLARED_CONNECTIVITY_NO_BOND_ORDER,B(OH)3 formula connectivity,connectivity_only_no_order_or_energy
SP08_EV01_OCT6_PRIMARY,SP08_EV01_OCT6_PRIMARY_CORE_B06,SP08_EV01_OCT6_PRIMARY_CORE_O3,SP08_EV01_OCT6_PRIMARY_CORE_H3,DECLARED_CONNECTIVITY_NO_BOND_ORDER,B(OH)3 formula connectivity,connectivity_only_no_order_or_energy
SP08_EV01_OCT6_PRIMARY,SP08_EV01_OCT6_PRIMARY_HYDRATION_01,SP08_EV01_OCT6_PRIMARY_FRAME,SP08_EV01_OCT6_PRIMARY_W01,HYDRATION_SUPPORT_CANDIDATE,CR120U six signed-axis vertices,false
SP08_EV01_OCT6_PRIMARY,SP08_EV01_OCT6_PRIMARY_HYDRATION_02,SP08_EV01_OCT6_PRIMARY_FRAME,SP08_EV01_OCT6_PRIMARY_W02,HYDRATION_SUPPORT_CANDIDATE,CR120U six signed-axis vertices,false
SP08_EV01_OCT6_PRIMARY,SP08_EV01_OCT6_PRIMARY_HYDRATION_03,SP08_EV01_OCT6_PRIMARY_FRAME,SP08_EV01_OCT6_PRIMARY_W03,HYDRATION_SUPPORT_CANDIDATE,CR120U six signed-axis vertices,false
SP08_EV01_OCT6_PRIMARY,SP08_EV01_OCT6_PRIMARY_HYDRATION_04,SP08_EV01_OCT6_PRIMARY_FRAME,SP08_EV01_OCT6_PRIMARY_W04,HYDRATION_SUPPORT_CANDIDATE,CR120U six signed-axis vertices,false
SP08_EV01_OCT6_PRIMARY,SP08_EV01_OCT6_PRIMARY_HYDRATION_05,SP08_EV01_OCT6_PRIMARY_FRAME,SP08_EV01_OCT6_PRIMARY_W05,HYDRATION_SUPPORT_CANDIDATE,CR120U six signed-axis vertices,false
SP08_EV01_OCT6_PRIMARY,SP08_EV01_OCT6_PRIMARY_HYDRATION_06,SP08_EV01_OCT6_PRIMARY_FRAME,SP08_EV01_OCT6_PRIMARY_W06,HYDRATION_SUPPORT_CANDIDATE,CR120U six signed-axis vertices,false
SP08_EV02_TET4_EVEN_CONTROL,SP08_EV02_TET4_EVEN_CONTROL_MEMBER_B1,SP08_EV02_TET4_EVEN_CONTROL_FRAME,SP08_EV02_TET4_EVEN_CONTROL_CORE_B1,FRAME_MEMBERSHIP,CR286 common graph construction,false
SP08_EV02_TET4_EVEN_CONTROL,SP08_EV02_TET4_EVEN_CONTROL_MEMBER_H1,SP08_EV02_TET4_EVEN_CONTROL_FRAME,SP08_EV02_TET4_EVEN_CONTROL_CORE_H1,FRAME_MEMBERSHIP,CR286 common graph construction,false
SP08_EV02_TET4_EVEN_CONTROL,SP08_EV02_TET4_EVEN_CONTROL_MEMBER_H2,SP08_EV02_TET4_EVEN_CONTROL_FRAME,SP08_EV02_TET4_EVEN_CONTROL_CORE_H2,FRAME_MEMBERSHIP,CR286 common graph construction,false
SP08_EV02_TET4_EVEN_CONTROL,SP08_EV02_TET4_EVEN_CONTROL_MEMBER_H3,SP08_EV02_TET4_EVEN_CONTROL_FRAME,SP08_EV02_TET4_EVEN_CONTROL_CORE_H3,FRAME_MEMBERSHIP,CR286 common graph construction,false
SP08_EV02_TET4_EVEN_CONTROL,SP08_EV02_TET4_EVEN_CONTROL_MEMBER_O1,SP08_EV02_TET4_EVEN_CONTROL_FRAME,SP08_EV02_TET4_EVEN_CONTROL_CORE_O1,FRAME_MEMBERSHIP,CR286 common graph construction,false
SP08_EV02_TET4_EVEN_CONTROL,SP08_EV02_TET4_EVEN_CONTROL_MEMBER_O2,SP08_EV02_TET4_EVEN_CONTROL_FRAME,SP08_EV02_TET4_EVEN_CONTROL_CORE_O2,FRAME_MEMBERSHIP,CR286 common graph construction,false
SP08_EV02_TET4_EVEN_CONTROL,SP08_EV02_TET4_EVEN_CONTROL_MEMBER_O3,SP08_EV02_TET4_EVEN_CONTROL_FRAME,SP08_EV02_TET4_EVEN_CONTROL_CORE_O3,FRAME_MEMBERSHIP,CR286 common graph construction,false
SP08_EV02_TET4_EVEN_CONTROL,SP08_EV02_TET4_EVEN_CONTROL_CORE_B01,SP08_EV02_TET4_EVEN_CONTROL_CORE_B1,SP08_EV02_TET4_EVEN_CONTROL_CORE_O1,DECLARED_CONNECTIVITY_NO_BOND_ORDER,B(OH)3 formula connectivity,connectivity_only_no_order_or_energy
SP08_EV02_TET4_EVEN_CONTROL,SP08_EV02_TET4_EVEN_CONTROL_CORE_B02,SP08_EV02_TET4_EVEN_CONTROL_CORE_B1,SP08_EV02_TET4_EVEN_CONTROL_CORE_O2,DECLARED_CONNECTIVITY_NO_BOND_ORDER,B(OH)3 formula connectivity,connectivity_only_no_order_or_energy
SP08_EV02_TET4_EVEN_CONTROL,SP08_EV02_TET4_EVEN_CONTROL_CORE_B03,SP08_EV02_TET4_EVEN_CONTROL_CORE_B1,SP08_EV02_TET4_EVEN_CONTROL_CORE_O3,DECLARED_CONNECTIVITY_NO_BOND_ORDER,B(OH)3 formula connectivity,connectivity_only_no_order_or_energy
SP08_EV02_TET4_EVEN_CONTROL,SP08_EV02_TET4_EVEN_CONTROL_CORE_B04,SP08_EV02_TET4_EVEN_CONTROL_CORE_O1,SP08_EV02_TET4_EVEN_CONTROL_CORE_H1,DECLARED_CONNECTIVITY_NO_BOND_ORDER,B(OH)3 formula connectivity,connectivity_only_no_order_or_energy
SP08_EV02_TET4_EVEN_CONTROL,SP08_EV02_TET4_EVEN_CONTROL_CORE_B05,SP08_EV02_TET4_EVEN_CONTROL_CORE_O2,SP08_EV02_TET4_EVEN_CONTROL_CORE_H2,DECLARED_CONNECTIVITY_NO_BOND_ORDER,B(OH)3 formula connectivity,connectivity_only_no_order_or_energy
SP08_EV02_TET4_EVEN_CONTROL,SP08_EV02_TET4_EVEN_CONTROL_CORE_B06,SP08_EV02_TET4_EVEN_CONTROL_CORE_O3,SP08_EV02_TET4_EVEN_CONTROL_CORE_H3,DECLARED_CONNECTIVITY_NO_BOND_ORDER,B(OH)3 formula connectivity,connectivity_only_no_order_or_energy
SP08_EV02_TET4_EVEN_CONTROL,SP08_EV02_TET4_EVEN_CONTROL_HYDRATION_01,SP08_EV02_TET4_EVEN_CONTROL_FRAME,SP08_EV02_TET4_EVEN_CONTROL_W01,HYDRATION_SUPPORT_CANDIDATE,CR120U tetrahedral realization not globally excluded,false
SP08_EV02_TET4_EVEN_CONTROL,SP08_EV02_TET4_EVEN_CONTROL_HYDRATION_02,SP08_EV02_TET4_EVEN_CONTROL_FRAME,SP08_EV02_TET4_EVEN_CONTROL_W02,HYDRATION_SUPPORT_CANDIDATE,CR120U tetrahedral realization not globally excluded,false
SP08_EV02_TET4_EVEN_CONTROL,SP08_EV02_TET4_EVEN_CONTROL_HYDRATION_03,SP08_EV02_TET4_EVEN_CONTROL_FRAME,SP08_EV02_TET4_EVEN_CONTROL_W03,HYDRATION_SUPPORT_CANDIDATE,CR120U tetrahedral realization not globally excluded,false
SP08_EV02_TET4_EVEN_CONTROL,SP08_EV02_TET4_EVEN_CONTROL_HYDRATION_04,SP08_EV02_TET4_EVEN_CONTROL_FRAME,SP08_EV02_TET4_EVEN_CONTROL_W04,HYDRATION_SUPPORT_CANDIDATE,CR120U tetrahedral realization not globally excluded,false
SP08_EV03_TET4_ODD_CONTROL,SP08_EV03_TET4_ODD_CONTROL_MEMBER_B1,SP08_EV03_TET4_ODD_CONTROL_FRAME,SP08_EV03_TET4_ODD_CONTROL_CORE_B1,FRAME_MEMBERSHIP,CR286 common graph construction,false
SP08_EV03_TET4_ODD_CONTROL,SP08_EV03_TET4_ODD_CONTROL_MEMBER_H1,SP08_EV03_TET4_ODD_CONTROL_FRAME,SP08_EV03_TET4_ODD_CONTROL_CORE_H1,FRAME_MEMBERSHIP,CR286 common graph construction,false
SP08_EV03_TET4_ODD_CONTROL,SP08_EV03_TET4_ODD_CONTROL_MEMBER_H2,SP08_EV03_TET4_ODD_CONTROL_FRAME,SP08_EV03_TET4_ODD_CONTROL_CORE_H2,FRAME_MEMBERSHIP,CR286 common graph construction,false
SP08_EV03_TET4_ODD_CONTROL,SP08_EV03_TET4_ODD_CONTROL_MEMBER_H3,SP08_EV03_TET4_ODD_CONTROL_FRAME,SP08_EV03_TET4_ODD_CONTROL_CORE_H3,FRAME_MEMBERSHIP,CR286 common graph construction,false
SP08_EV03_TET4_ODD_CONTROL,SP08_EV03_TET4_ODD_CONTROL_MEMBER_O1,SP08_EV03_TET4_ODD_CONTROL_FRAME,SP08_EV03_TET4_ODD_CONTROL_CORE_O1,FRAME_MEMBERSHIP,CR286 common graph construction,false
SP08_EV03_TET4_ODD_CONTROL,SP08_EV03_TET4_ODD_CONTROL_MEMBER_O2,SP08_EV03_TET4_ODD_CONTROL_FRAME,SP08_EV03_TET4_ODD_CONTROL_CORE_O2,FRAME_MEMBERSHIP,CR286 common graph construction,false
SP08_EV03_TET4_ODD_CONTROL,SP08_EV03_TET4_ODD_CONTROL_MEMBER_O3,SP08_EV03_TET4_ODD_CONTROL_FRAME,SP08_EV03_TET4_ODD_CONTROL_CORE_O3,FRAME_MEMBERSHIP,CR286 common graph construction,false
SP08_EV03_TET4_ODD_CONTROL,SP08_EV03_TET4_ODD_CONTROL_CORE_B01,SP08_EV03_TET4_ODD_CONTROL_CORE_B1,SP08_EV03_TET4_ODD_CONTROL_CORE_O1,DECLARED_CONNECTIVITY_NO_BOND_ORDER,B(OH)3 formula connectivity,connectivity_only_no_order_or_energy
SP08_EV03_TET4_ODD_CONTROL,SP08_EV03_TET4_ODD_CONTROL_CORE_B02,SP08_EV03_TET4_ODD_CONTROL_CORE_B1,SP08_EV03_TET4_ODD_CONTROL_CORE_O2,DECLARED_CONNECTIVITY_NO_BOND_ORDER,B(OH)3 formula connectivity,connectivity_only_no_order_or_energy
SP08_EV03_TET4_ODD_CONTROL,SP08_EV03_TET4_ODD_CONTROL_CORE_B03,SP08_EV03_TET4_ODD_CONTROL_CORE_B1,SP08_EV03_TET4_ODD_CONTROL_CORE_O3,DECLARED_CONNECTIVITY_NO_BOND_ORDER,B(OH)3 formula connectivity,connectivity_only_no_order_or_energy
SP08_EV03_TET4_ODD_CONTROL,SP08_EV03_TET4_ODD_CONTROL_CORE_B04,SP08_EV03_TET4_ODD_CONTROL_CORE_O1,SP08_EV03_TET4_ODD_CONTROL_CORE_H1,DECLARED_CONNECTIVITY_NO_BOND_ORDER,B(OH)3 formula connectivity,connectivity_only_no_order_or_energy
SP08_EV03_TET4_ODD_CONTROL,SP08_EV03_TET4_ODD_CONTROL_CORE_B05,SP08_EV03_TET4_ODD_CONTROL_CORE_O2,SP08_EV03_TET4_ODD_CONTROL_CORE_H2,DECLARED_CONNECTIVITY_NO_BOND_ORDER,B(OH)3 formula connectivity,connectivity_only_no_order_or_energy
SP08_EV03_TET4_ODD_CONTROL,SP08_EV03_TET4_ODD_CONTROL_CORE_B06,SP08_EV03_TET4_ODD_CONTROL_CORE_O3,SP08_EV03_TET4_ODD_CONTROL_CORE_H3,DECLARED_CONNECTIVITY_NO_BOND_ORDER,B(OH)3 formula connectivity,connectivity_only_no_order_or_energy
SP08_EV03_TET4_ODD_CONTROL,SP08_EV03_TET4_ODD_CONTROL_HYDRATION_01,SP08_EV03_TET4_ODD_CONTROL_FRAME,SP08_EV03_TET4_ODD_CONTROL_W01,HYDRATION_SUPPORT_CANDIDATE,CR120U tetrahedral realization not globally excluded,false
SP08_EV03_TET4_ODD_CONTROL,SP08_EV03_TET4_ODD_CONTROL_HYDRATION_02,SP08_EV03_TET4_ODD_CONTROL_FRAME,SP08_EV03_TET4_ODD_CONTROL_W02,HYDRATION_SUPPORT_CANDIDATE,CR120U tetrahedral realization not globally excluded,false
SP08_EV03_TET4_ODD_CONTROL,SP08_EV03_TET4_ODD_CONTROL_HYDRATION_03,SP08_EV03_TET4_ODD_CONTROL_FRAME,SP08_EV03_TET4_ODD_CONTROL_W03,HYDRATION_SUPPORT_CANDIDATE,CR120U tetrahedral realization not globally excluded,false
SP08_EV03_TET4_ODD_CONTROL,SP08_EV03_TET4_ODD_CONTROL_HYDRATION_04,SP08_EV03_TET4_ODD_CONTROL_FRAME,SP08_EV03_TET4_ODD_CONTROL_W04,HYDRATION_SUPPORT_CANDIDATE,CR120U tetrahedral realization not globally excluded,false
SP08_EV04_CORE_ONLY_CONTROL,SP08_EV04_CORE_ONLY_CONTROL_MEMBER_B1,SP08_EV04_CORE_ONLY_CONTROL_FRAME,SP08_EV04_CORE_ONLY_CONTROL_CORE_B1,FRAME_MEMBERSHIP,CR286 common graph construction,false
SP08_EV04_CORE_ONLY_CONTROL,SP08_EV04_CORE_ONLY_CONTROL_MEMBER_H1,SP08_EV04_CORE_ONLY_CONTROL_FRAME,SP08_EV04_CORE_ONLY_CONTROL_CORE_H1,FRAME_MEMBERSHIP,CR286 common graph construction,false
SP08_EV04_CORE_ONLY_CONTROL,SP08_EV04_CORE_ONLY_CONTROL_MEMBER_H2,SP08_EV04_CORE_ONLY_CONTROL_FRAME,SP08_EV04_CORE_ONLY_CONTROL_CORE_H2,FRAME_MEMBERSHIP,CR286 common graph construction,false
SP08_EV04_CORE_ONLY_CONTROL,SP08_EV04_CORE_ONLY_CONTROL_MEMBER_H3,SP08_EV04_CORE_ONLY_CONTROL_FRAME,SP08_EV04_CORE_ONLY_CONTROL_CORE_H3,FRAME_MEMBERSHIP,CR286 common graph construction,false
SP08_EV04_CORE_ONLY_CONTROL,SP08_EV04_CORE_ONLY_CONTROL_MEMBER_O1,SP08_EV04_CORE_ONLY_CONTROL_FRAME,SP08_EV04_CORE_ONLY_CONTROL_CORE_O1,FRAME_MEMBERSHIP,CR286 common graph construction,false
SP08_EV04_CORE_ONLY_CONTROL,SP08_EV04_CORE_ONLY_CONTROL_MEMBER_O2,SP08_EV04_CORE_ONLY_CONTROL_FRAME,SP08_EV04_CORE_ONLY_CONTROL_CORE_O2,FRAME_MEMBERSHIP,CR286 common graph construction,false
SP08_EV04_CORE_ONLY_CONTROL,SP08_EV04_CORE_ONLY_CONTROL_MEMBER_O3,SP08_EV04_CORE_ONLY_CONTROL_FRAME,SP08_EV04_CORE_ONLY_CONTROL_CORE_O3,FRAME_MEMBERSHIP,CR286 common graph construction,false
SP08_EV04_CORE_ONLY_CONTROL,SP08_EV04_CORE_ONLY_CONTROL_CORE_B01,SP08_EV04_CORE_ONLY_CONTROL_CORE_B1,SP08_EV04_CORE_ONLY_CONTROL_CORE_O1,DECLARED_CONNECTIVITY_NO_BOND_ORDER,B(OH)3 formula connectivity,connectivity_only_no_order_or_energy
SP08_EV04_CORE_ONLY_CONTROL,SP08_EV04_CORE_ONLY_CONTROL_CORE_B02,SP08_EV04_CORE_ONLY_CONTROL_CORE_B1,SP08_EV04_CORE_ONLY_CONTROL_CORE_O2,DECLARED_CONNECTIVITY_NO_BOND_ORDER,B(OH)3 formula connectivity,connectivity_only_no_order_or_energy
SP08_EV04_CORE_ONLY_CONTROL,SP08_EV04_CORE_ONLY_CONTROL_CORE_B03,SP08_EV04_CORE_ONLY_CONTROL_CORE_B1,SP08_EV04_CORE_ONLY_CONTROL_CORE_O3,DECLARED_CONNECTIVITY_NO_BOND_ORDER,B(OH)3 formula connectivity,connectivity_only_no_order_or_energy
SP08_EV04_CORE_ONLY_CONTROL,SP08_EV04_CORE_ONLY_CONTROL_CORE_B04,SP08_EV04_CORE_ONLY_CONTROL_CORE_O1,SP08_EV04_CORE_ONLY_CONTROL_CORE_H1,DECLARED_CONNECTIVITY_NO_BOND_ORDER,B(OH)3 formula connectivity,connectivity_only_no_order_or_energy
SP08_EV04_CORE_ONLY_CONTROL,SP08_EV04_CORE_ONLY_CONTROL_CORE_B05,SP08_EV04_CORE_ONLY_CONTROL_CORE_O2,SP08_EV04_CORE_ONLY_CONTROL_CORE_H2,DECLARED_CONNECTIVITY_NO_BOND_ORDER,B(OH)3 formula connectivity,connectivity_only_no_order_or_energy
SP08_EV04_CORE_ONLY_CONTROL,SP08_EV04_CORE_ONLY_CONTROL_CORE_B06,SP08_EV04_CORE_ONLY_CONTROL_CORE_O3,SP08_EV04_CORE_ONLY_CONTROL_CORE_H3,DECLARED_CONNECTIVITY_NO_BOND_ORDER,B(OH)3 formula connectivity,connectivity_only_no_order_or_energy
SP09_EV01_OCT6_PRIMARY,SP09_EV01_OCT6_PRIMARY_MEMBER_B1,SP09_EV01_OCT6_PRIMARY_FRAME,SP09_EV01_OCT6_PRIMARY_CORE_B1,FRAME_MEMBERSHIP,CR286 common graph construction,false
SP09_EV01_OCT6_PRIMARY,SP09_EV01_OCT6_PRIMARY_MEMBER_H1,SP09_EV01_OCT6_PRIMARY_FRAME,SP09_EV01_OCT6_PRIMARY_CORE_H1,FRAME_MEMBERSHIP,CR286 common graph construction,false
SP09_EV01_OCT6_PRIMARY,SP09_EV01_OCT6_PRIMARY_MEMBER_H2,SP09_EV01_OCT6_PRIMARY_FRAME,SP09_EV01_OCT6_PRIMARY_CORE_H2,FRAME_MEMBERSHIP,CR286 common graph construction,false
SP09_EV01_OCT6_PRIMARY,SP09_EV01_OCT6_PRIMARY_MEMBER_H3,SP09_EV01_OCT6_PRIMARY_FRAME,SP09_EV01_OCT6_PRIMARY_CORE_H3,FRAME_MEMBERSHIP,CR286 common graph construction,false
SP09_EV01_OCT6_PRIMARY,SP09_EV01_OCT6_PRIMARY_MEMBER_H4,SP09_EV01_OCT6_PRIMARY_FRAME,SP09_EV01_OCT6_PRIMARY_CORE_H4,FRAME_MEMBERSHIP,CR286 common graph construction,false
SP09_EV01_OCT6_PRIMARY,SP09_EV01_OCT6_PRIMARY_MEMBER_O1,SP09_EV01_OCT6_PRIMARY_FRAME,SP09_EV01_OCT6_PRIMARY_CORE_O1,FRAME_MEMBERSHIP,CR286 common graph construction,false
SP09_EV01_OCT6_PRIMARY,SP09_EV01_OCT6_PRIMARY_MEMBER_O2,SP09_EV01_OCT6_PRIMARY_FRAME,SP09_EV01_OCT6_PRIMARY_CORE_O2,FRAME_MEMBERSHIP,CR286 common graph construction,false
SP09_EV01_OCT6_PRIMARY,SP09_EV01_OCT6_PRIMARY_MEMBER_O3,SP09_EV01_OCT6_PRIMARY_FRAME,SP09_EV01_OCT6_PRIMARY_CORE_O3,FRAME_MEMBERSHIP,CR286 common graph construction,false
SP09_EV01_OCT6_PRIMARY,SP09_EV01_OCT6_PRIMARY_MEMBER_O4,SP09_EV01_OCT6_PRIMARY_FRAME,SP09_EV01_OCT6_PRIMARY_CORE_O4,FRAME_MEMBERSHIP,CR286 common graph construction,false
SP09_EV01_OCT6_PRIMARY,SP09_EV01_OCT6_PRIMARY_CORE_B01,SP09_EV01_OCT6_PRIMARY_CORE_B1,SP09_EV01_OCT6_PRIMARY_CORE_O1,DECLARED_CONNECTIVITY_NO_BOND_ORDER,B(OH)4- formula connectivity,connectivity_only_no_order_or_energy
SP09_EV01_OCT6_PRIMARY,SP09_EV01_OCT6_PRIMARY_CORE_B02,SP09_EV01_OCT6_PRIMARY_CORE_B1,SP09_EV01_OCT6_PRIMARY_CORE_O2,DECLARED_CONNECTIVITY_NO_BOND_ORDER,B(OH)4- formula connectivity,connectivity_only_no_order_or_energy
SP09_EV01_OCT6_PRIMARY,SP09_EV01_OCT6_PRIMARY_CORE_B03,SP09_EV01_OCT6_PRIMARY_CORE_B1,SP09_EV01_OCT6_PRIMARY_CORE_O3,DECLARED_CONNECTIVITY_NO_BOND_ORDER,B(OH)4- formula connectivity,connectivity_only_no_order_or_energy
SP09_EV01_OCT6_PRIMARY,SP09_EV01_OCT6_PRIMARY_CORE_B04,SP09_EV01_OCT6_PRIMARY_CORE_B1,SP09_EV01_OCT6_PRIMARY_CORE_O4,DECLARED_CONNECTIVITY_NO_BOND_ORDER,B(OH)4- formula connectivity,connectivity_only_no_order_or_energy
SP09_EV01_OCT6_PRIMARY,SP09_EV01_OCT6_PRIMARY_CORE_B05,SP09_EV01_OCT6_PRIMARY_CORE_O1,SP09_EV01_OCT6_PRIMARY_CORE_H1,DECLARED_CONNECTIVITY_NO_BOND_ORDER,B(OH)4- formula connectivity,connectivity_only_no_order_or_energy
SP09_EV01_OCT6_PRIMARY,SP09_EV01_OCT6_PRIMARY_CORE_B06,SP09_EV01_OCT6_PRIMARY_CORE_O2,SP09_EV01_OCT6_PRIMARY_CORE_H2,DECLARED_CONNECTIVITY_NO_BOND_ORDER,B(OH)4- formula connectivity,connectivity_only_no_order_or_energy
SP09_EV01_OCT6_PRIMARY,SP09_EV01_OCT6_PRIMARY_CORE_B07,SP09_EV01_OCT6_PRIMARY_CORE_O3,SP09_EV01_OCT6_PRIMARY_CORE_H3,DECLARED_CONNECTIVITY_NO_BOND_ORDER,B(OH)4- formula connectivity,connectivity_only_no_order_or_energy
SP09_EV01_OCT6_PRIMARY,SP09_EV01_OCT6_PRIMARY_CORE_B08,SP09_EV01_OCT6_PRIMARY_CORE_O4,SP09_EV01_OCT6_PRIMARY_CORE_H4,DECLARED_CONNECTIVITY_NO_BOND_ORDER,B(OH)4- formula connectivity,connectivity_only_no_order_or_energy
SP09_EV01_OCT6_PRIMARY,SP09_EV01_OCT6_PRIMARY_HYDRATION_01,SP09_EV01_OCT6_PRIMARY_FRAME,SP09_EV01_OCT6_PRIMARY_W01,HYDRATION_SUPPORT_CANDIDATE,CR120U six signed-axis vertices,false
SP09_EV01_OCT6_PRIMARY,SP09_EV01_OCT6_PRIMARY_HYDRATION_02,SP09_EV01_OCT6_PRIMARY_FRAME,SP09_EV01_OCT6_PRIMARY_W02,HYDRATION_SUPPORT_CANDIDATE,CR120U six signed-axis vertices,false
SP09_EV01_OCT6_PRIMARY,SP09_EV01_OCT6_PRIMARY_HYDRATION_03,SP09_EV01_OCT6_PRIMARY_FRAME,SP09_EV01_OCT6_PRIMARY_W03,HYDRATION_SUPPORT_CANDIDATE,CR120U six signed-axis vertices,false
SP09_EV01_OCT6_PRIMARY,SP09_EV01_OCT6_PRIMARY_HYDRATION_04,SP09_EV01_OCT6_PRIMARY_FRAME,SP09_EV01_OCT6_PRIMARY_W04,HYDRATION_SUPPORT_CANDIDATE,CR120U six signed-axis vertices,false
SP09_EV01_OCT6_PRIMARY,SP09_EV01_OCT6_PRIMARY_HYDRATION_05,SP09_EV01_OCT6_PRIMARY_FRAME,SP09_EV01_OCT6_PRIMARY_W05,HYDRATION_SUPPORT_CANDIDATE,CR120U six signed-axis vertices,false
SP09_EV01_OCT6_PRIMARY,SP09_EV01_OCT6_PRIMARY_HYDRATION_06,SP09_EV01_OCT6_PRIMARY_FRAME,SP09_EV01_OCT6_PRIMARY_W06,HYDRATION_SUPPORT_CANDIDATE,CR120U six signed-axis vertices,false
SP09_EV02_TET4_EVEN_CONTROL,SP09_EV02_TET4_EVEN_CONTROL_MEMBER_B1,SP09_EV02_TET4_EVEN_CONTROL_FRAME,SP09_EV02_TET4_EVEN_CONTROL_CORE_B1,FRAME_MEMBERSHIP,CR286 common graph construction,false
SP09_EV02_TET4_EVEN_CONTROL,SP09_EV02_TET4_EVEN_CONTROL_MEMBER_H1,SP09_EV02_TET4_EVEN_CONTROL_FRAME,SP09_EV02_TET4_EVEN_CONTROL_CORE_H1,FRAME_MEMBERSHIP,CR286 common graph construction,false
SP09_EV02_TET4_EVEN_CONTROL,SP09_EV02_TET4_EVEN_CONTROL_MEMBER_H2,SP09_EV02_TET4_EVEN_CONTROL_FRAME,SP09_EV02_TET4_EVEN_CONTROL_CORE_H2,FRAME_MEMBERSHIP,CR286 common graph construction,false
SP09_EV02_TET4_EVEN_CONTROL,SP09_EV02_TET4_EVEN_CONTROL_MEMBER_H3,SP09_EV02_TET4_EVEN_CONTROL_FRAME,SP09_EV02_TET4_EVEN_CONTROL_CORE_H3,FRAME_MEMBERSHIP,CR286 common graph construction,false
SP09_EV02_TET4_EVEN_CONTROL,SP09_EV02_TET4_EVEN_CONTROL_MEMBER_H4,SP09_EV02_TET4_EVEN_CONTROL_FRAME,SP09_EV02_TET4_EVEN_CONTROL_CORE_H4,FRAME_MEMBERSHIP,CR286 common graph construction,false
SP09_EV02_TET4_EVEN_CONTROL,SP09_EV02_TET4_EVEN_CONTROL_MEMBER_O1,SP09_EV02_TET4_EVEN_CONTROL_FRAME,SP09_EV02_TET4_EVEN_CONTROL_CORE_O1,FRAME_MEMBERSHIP,CR286 common graph construction,false
SP09_EV02_TET4_EVEN_CONTROL,SP09_EV02_TET4_EVEN_CONTROL_MEMBER_O2,SP09_EV02_TET4_EVEN_CONTROL_FRAME,SP09_EV02_TET4_EVEN_CONTROL_CORE_O2,FRAME_MEMBERSHIP,CR286 common graph construction,false
SP09_EV02_TET4_EVEN_CONTROL,SP09_EV02_TET4_EVEN_CONTROL_MEMBER_O3,SP09_EV02_TET4_EVEN_CONTROL_FRAME,SP09_EV02_TET4_EVEN_CONTROL_CORE_O3,FRAME_MEMBERSHIP,CR286 common graph construction,false
SP09_EV02_TET4_EVEN_CONTROL,SP09_EV02_TET4_EVEN_CONTROL_MEMBER_O4,SP09_EV02_TET4_EVEN_CONTROL_FRAME,SP09_EV02_TET4_EVEN_CONTROL_CORE_O4,FRAME_MEMBERSHIP,CR286 common graph construction,false
SP09_EV02_TET4_EVEN_CONTROL,SP09_EV02_TET4_EVEN_CONTROL_CORE_B01,SP09_EV02_TET4_EVEN_CONTROL_CORE_B1,SP09_EV02_TET4_EVEN_CONTROL_CORE_O1,DECLARED_CONNECTIVITY_NO_BOND_ORDER,B(OH)4- formula connectivity,connectivity_only_no_order_or_energy
SP09_EV02_TET4_EVEN_CONTROL,SP09_EV02_TET4_EVEN_CONTROL_CORE_B02,SP09_EV02_TET4_EVEN_CONTROL_CORE_B1,SP09_EV02_TET4_EVEN_CONTROL_CORE_O2,DECLARED_CONNECTIVITY_NO_BOND_ORDER,B(OH)4- formula connectivity,connectivity_only_no_order_or_energy
SP09_EV02_TET4_EVEN_CONTROL,SP09_EV02_TET4_EVEN_CONTROL_CORE_B03,SP09_EV02_TET4_EVEN_CONTROL_CORE_B1,SP09_EV02_TET4_EVEN_CONTROL_CORE_O3,DECLARED_CONNECTIVITY_NO_BOND_ORDER,B(OH)4- formula connectivity,connectivity_only_no_order_or_energy
SP09_EV02_TET4_EVEN_CONTROL,SP09_EV02_TET4_EVEN_CONTROL_CORE_B04,SP09_EV02_TET4_EVEN_CONTROL_CORE_B1,SP09_EV02_TET4_EVEN_CONTROL_CORE_O4,DECLARED_CONNECTIVITY_NO_BOND_ORDER,B(OH)4- formula connectivity,connectivity_only_no_order_or_energy
SP09_EV02_TET4_EVEN_CONTROL,SP09_EV02_TET4_EVEN_CONTROL_CORE_B05,SP09_EV02_TET4_EVEN_CONTROL_CORE_O1,SP09_EV02_TET4_EVEN_CONTROL_CORE_H1,DECLARED_CONNECTIVITY_NO_BOND_ORDER,B(OH)4- formula connectivity,connectivity_only_no_order_or_energy
SP09_EV02_TET4_EVEN_CONTROL,SP09_EV02_TET4_EVEN_CONTROL_CORE_B06,SP09_EV02_TET4_EVEN_CONTROL_CORE_O2,SP09_EV02_TET4_EVEN_CONTROL_CORE_H2,DECLARED_CONNECTIVITY_NO_BOND_ORDER,B(OH)4- formula connectivity,connectivity_only_no_order_or_energy
SP09_EV02_TET4_EVEN_CONTROL,SP09_EV02_TET4_EVEN_CONTROL_CORE_B07,SP09_EV02_TET4_EVEN_CONTROL_CORE_O3,SP09_EV02_TET4_EVEN_CONTROL_CORE_H3,DECLARED_CONNECTIVITY_NO_BOND_ORDER,B(OH)4- formula connectivity,connectivity_only_no_order_or_energy
SP09_EV02_TET4_EVEN_CONTROL,SP09_EV02_TET4_EVEN_CONTROL_CORE_B08,SP09_EV02_TET4_EVEN_CONTROL_CORE_O4,SP09_EV02_TET4_EVEN_CONTROL_CORE_H4,DECLARED_CONNECTIVITY_NO_BOND_ORDER,B(OH)4- formula connectivity,connectivity_only_no_order_or_energy
SP09_EV02_TET4_EVEN_CONTROL,SP09_EV02_TET4_EVEN_CONTROL_HYDRATION_01,SP09_EV02_TET4_EVEN_CONTROL_FRAME,SP09_EV02_TET4_EVEN_CONTROL_W01,HYDRATION_SUPPORT_CANDIDATE,CR120U tetrahedral realization not globally excluded,false
SP09_EV02_TET4_EVEN_CONTROL,SP09_EV02_TET4_EVEN_CONTROL_HYDRATION_02,SP09_EV02_TET4_EVEN_CONTROL_FRAME,SP09_EV02_TET4_EVEN_CONTROL_W02,HYDRATION_SUPPORT_CANDIDATE,CR120U tetrahedral realization not globally excluded,false
SP09_EV02_TET4_EVEN_CONTROL,SP09_EV02_TET4_EVEN_CONTROL_HYDRATION_03,SP09_EV02_TET4_EVEN_CONTROL_FRAME,SP09_EV02_TET4_EVEN_CONTROL_W03,HYDRATION_SUPPORT_CANDIDATE,CR120U tetrahedral realization not globally excluded,false
SP09_EV02_TET4_EVEN_CONTROL,SP09_EV02_TET4_EVEN_CONTROL_HYDRATION_04,SP09_EV02_TET4_EVEN_CONTROL_FRAME,SP09_EV02_TET4_EVEN_CONTROL_W04,HYDRATION_SUPPORT_CANDIDATE,CR120U tetrahedral realization not globally excluded,false
SP09_EV03_TET4_ODD_CONTROL,SP09_EV03_TET4_ODD_CONTROL_MEMBER_B1,SP09_EV03_TET4_ODD_CONTROL_FRAME,SP09_EV03_TET4_ODD_CONTROL_CORE_B1,FRAME_MEMBERSHIP,CR286 common graph construction,false
SP09_EV03_TET4_ODD_CONTROL,SP09_EV03_TET4_ODD_CONTROL_MEMBER_H1,SP09_EV03_TET4_ODD_CONTROL_FRAME,SP09_EV03_TET4_ODD_CONTROL_CORE_H1,FRAME_MEMBERSHIP,CR286 common graph construction,false
SP09_EV03_TET4_ODD_CONTROL,SP09_EV03_TET4_ODD_CONTROL_MEMBER_H2,SP09_EV03_TET4_ODD_CONTROL_FRAME,SP09_EV03_TET4_ODD_CONTROL_CORE_H2,FRAME_MEMBERSHIP,CR286 common graph construction,false
SP09_EV03_TET4_ODD_CONTROL,SP09_EV03_TET4_ODD_CONTROL_MEMBER_H3,SP09_EV03_TET4_ODD_CONTROL_FRAME,SP09_EV03_TET4_ODD_CONTROL_CORE_H3,FRAME_MEMBERSHIP,CR286 common graph construction,false
SP09_EV03_TET4_ODD_CONTROL,SP09_EV03_TET4_ODD_CONTROL_MEMBER_H4,SP09_EV03_TET4_ODD_CONTROL_FRAME,SP09_EV03_TET4_ODD_CONTROL_CORE_H4,FRAME_MEMBERSHIP,CR286 common graph construction,false
SP09_EV03_TET4_ODD_CONTROL,SP09_EV03_TET4_ODD_CONTROL_MEMBER_O1,SP09_EV03_TET4_ODD_CONTROL_FRAME,SP09_EV03_TET4_ODD_CONTROL_CORE_O1,FRAME_MEMBERSHIP,CR286 common graph construction,false
SP09_EV03_TET4_ODD_CONTROL,SP09_EV03_TET4_ODD_CONTROL_MEMBER_O2,SP09_EV03_TET4_ODD_CONTROL_FRAME,SP09_EV03_TET4_ODD_CONTROL_CORE_O2,FRAME_MEMBERSHIP,CR286 common graph construction,false
SP09_EV03_TET4_ODD_CONTROL,SP09_EV03_TET4_ODD_CONTROL_MEMBER_O3,SP09_EV03_TET4_ODD_CONTROL_FRAME,SP09_EV03_TET4_ODD_CONTROL_CORE_O3,FRAME_MEMBERSHIP,CR286 common graph construction,false
SP09_EV03_TET4_ODD_CONTROL,SP09_EV03_TET4_ODD_CONTROL_MEMBER_O4,SP09_EV03_TET4_ODD_CONTROL_FRAME,SP09_EV03_TET4_ODD_CONTROL_CORE_O4,FRAME_MEMBERSHIP,CR286 common graph construction,false
SP09_EV03_TET4_ODD_CONTROL,SP09_EV03_TET4_ODD_CONTROL_CORE_B01,SP09_EV03_TET4_ODD_CONTROL_CORE_B1,SP09_EV03_TET4_ODD_CONTROL_CORE_O1,DECLARED_CONNECTIVITY_NO_BOND_ORDER,B(OH)4- formula connectivity,connectivity_only_no_order_or_energy
SP09_EV03_TET4_ODD_CONTROL,SP09_EV03_TET4_ODD_CONTROL_CORE_B02,SP09_EV03_TET4_ODD_CONTROL_CORE_B1,SP09_EV03_TET4_ODD_CONTROL_CORE_O2,DECLARED_CONNECTIVITY_NO_BOND_ORDER,B(OH)4- formula connectivity,connectivity_only_no_order_or_energy
SP09_EV03_TET4_ODD_CONTROL,SP09_EV03_TET4_ODD_CONTROL_CORE_B03,SP09_EV03_TET4_ODD_CONTROL_CORE_B1,SP09_EV03_TET4_ODD_CONTROL_CORE_O3,DECLARED_CONNECTIVITY_NO_BOND_ORDER,B(OH)4- formula connectivity,connectivity_only_no_order_or_energy
SP09_EV03_TET4_ODD_CONTROL,SP09_EV03_TET4_ODD_CONTROL_CORE_B04,SP09_EV03_TET4_ODD_CONTROL_CORE_B1,SP09_EV03_TET4_ODD_CONTROL_CORE_O4,DECLARED_CONNECTIVITY_NO_BOND_ORDER,B(OH)4- formula connectivity,connectivity_only_no_order_or_energy
SP09_EV03_TET4_ODD_CONTROL,SP09_EV03_TET4_ODD_CONTROL_CORE_B05,SP09_EV03_TET4_ODD_CONTROL_CORE_O1,SP09_EV03_TET4_ODD_CONTROL_CORE_H1,DECLARED_CONNECTIVITY_NO_BOND_ORDER,B(OH)4- formula connectivity,connectivity_only_no_order_or_energy
SP09_EV03_TET4_ODD_CONTROL,SP09_EV03_TET4_ODD_CONTROL_CORE_B06,SP09_EV03_TET4_ODD_CONTROL_CORE_O2,SP09_EV03_TET4_ODD_CONTROL_CORE_H2,DECLARED_CONNECTIVITY_NO_BOND_ORDER,B(OH)4- formula connectivity,connectivity_only_no_order_or_energy
SP09_EV03_TET4_ODD_CONTROL,SP09_EV03_TET4_ODD_CONTROL_CORE_B07,SP09_EV03_TET4_ODD_CONTROL_CORE_O3,SP09_EV03_TET4_ODD_CONTROL_CORE_H3,DECLARED_CONNECTIVITY_NO_BOND_ORDER,B(OH)4- formula connectivity,connectivity_only_no_order_or_energy
SP09_EV03_TET4_ODD_CONTROL,SP09_EV03_TET4_ODD_CONTROL_CORE_B08,SP09_EV03_TET4_ODD_CONTROL_CORE_O4,SP09_EV03_TET4_ODD_CONTROL_CORE_H4,DECLARED_CONNECTIVITY_NO_BOND_ORDER,B(OH)4- formula connectivity,connectivity_only_no_order_or_energy
SP09_EV03_TET4_ODD_CONTROL,SP09_EV03_TET4_ODD_CONTROL_HYDRATION_01,SP09_EV03_TET4_ODD_CONTROL_FRAME,SP09_EV03_TET4_ODD_CONTROL_W01,HYDRATION_SUPPORT_CANDIDATE,CR120U tetrahedral realization not globally excluded,false
SP09_EV03_TET4_ODD_CONTROL,SP09_EV03_TET4_ODD_CONTROL_HYDRATION_02,SP09_EV03_TET4_ODD_CONTROL_FRAME,SP09_EV03_TET4_ODD_CONTROL_W02,HYDRATION_SUPPORT_CANDIDATE,CR120U tetrahedral realization not globally excluded,false
SP09_EV03_TET4_ODD_CONTROL,SP09_EV03_TET4_ODD_CONTROL_HYDRATION_03,SP09_EV03_TET4_ODD_CONTROL_FRAME,SP09_EV03_TET4_ODD_CONTROL_W03,HYDRATION_SUPPORT_CANDIDATE,CR120U tetrahedral realization not globally excluded,false
SP09_EV03_TET4_ODD_CONTROL,SP09_EV03_TET4_ODD_CONTROL_HYDRATION_04,SP09_EV03_TET4_ODD_CONTROL_FRAME,SP09_EV03_TET4_ODD_CONTROL_W04,HYDRATION_SUPPORT_CANDIDATE,CR120U tetrahedral realization not globally excluded,false
SP09_EV04_CORE_ONLY_CONTROL,SP09_EV04_CORE_ONLY_CONTROL_MEMBER_B1,SP09_EV04_CORE_ONLY_CONTROL_FRAME,SP09_EV04_CORE_ONLY_CONTROL_CORE_B1,FRAME_MEMBERSHIP,CR286 common graph construction,false
SP09_EV04_CORE_ONLY_CONTROL,SP09_EV04_CORE_ONLY_CONTROL_MEMBER_H1,SP09_EV04_CORE_ONLY_CONTROL_FRAME,SP09_EV04_CORE_ONLY_CONTROL_CORE_H1,FRAME_MEMBERSHIP,CR286 common graph construction,false
SP09_EV04_CORE_ONLY_CONTROL,SP09_EV04_CORE_ONLY_CONTROL_MEMBER_H2,SP09_EV04_CORE_ONLY_CONTROL_FRAME,SP09_EV04_CORE_ONLY_CONTROL_CORE_H2,FRAME_MEMBERSHIP,CR286 common graph construction,false
SP09_EV04_CORE_ONLY_CONTROL,SP09_EV04_CORE_ONLY_CONTROL_MEMBER_H3,SP09_EV04_CORE_ONLY_CONTROL_FRAME,SP09_EV04_CORE_ONLY_CONTROL_CORE_H3,FRAME_MEMBERSHIP,CR286 common graph construction,false
SP09_EV04_CORE_ONLY_CONTROL,SP09_EV04_CORE_ONLY_CONTROL_MEMBER_H4,SP09_EV04_CORE_ONLY_CONTROL_FRAME,SP09_EV04_CORE_ONLY_CONTROL_CORE_H4,FRAME_MEMBERSHIP,CR286 common graph construction,false
SP09_EV04_CORE_ONLY_CONTROL,SP09_EV04_CORE_ONLY_CONTROL_MEMBER_O1,SP09_EV04_CORE_ONLY_CONTROL_FRAME,SP09_EV04_CORE_ONLY_CONTROL_CORE_O1,FRAME_MEMBERSHIP,CR286 common graph construction,false
SP09_EV04_CORE_ONLY_CONTROL,SP09_EV04_CORE_ONLY_CONTROL_MEMBER_O2,SP09_EV04_CORE_ONLY_CONTROL_FRAME,SP09_EV04_CORE_ONLY_CONTROL_CORE_O2,FRAME_MEMBERSHIP,CR286 common graph construction,false
SP09_EV04_CORE_ONLY_CONTROL,SP09_EV04_CORE_ONLY_CONTROL_MEMBER_O3,SP09_EV04_CORE_ONLY_CONTROL_FRAME,SP09_EV04_CORE_ONLY_CONTROL_CORE_O3,FRAME_MEMBERSHIP,CR286 common graph construction,false
SP09_EV04_CORE_ONLY_CONTROL,SP09_EV04_CORE_ONLY_CONTROL_MEMBER_O4,SP09_EV04_CORE_ONLY_CONTROL_FRAME,SP09_EV04_CORE_ONLY_CONTROL_CORE_O4,FRAME_MEMBERSHIP,CR286 common graph construction,false
SP09_EV04_CORE_ONLY_CONTROL,SP09_EV04_CORE_ONLY_CONTROL_CORE_B01,SP09_EV04_CORE_ONLY_CONTROL_CORE_B1,SP09_EV04_CORE_ONLY_CONTROL_CORE_O1,DECLARED_CONNECTIVITY_NO_BOND_ORDER,B(OH)4- formula connectivity,connectivity_only_no_order_or_energy
SP09_EV04_CORE_ONLY_CONTROL,SP09_EV04_CORE_ONLY_CONTROL_CORE_B02,SP09_EV04_CORE_ONLY_CONTROL_CORE_B1,SP09_EV04_CORE_ONLY_CONTROL_CORE_O2,DECLARED_CONNECTIVITY_NO_BOND_ORDER,B(OH)4- formula connectivity,connectivity_only_no_order_or_energy
SP09_EV04_CORE_ONLY_CONTROL,SP09_EV04_CORE_ONLY_CONTROL_CORE_B03,SP09_EV04_CORE_ONLY_CONTROL_CORE_B1,SP09_EV04_CORE_ONLY_CONTROL_CORE_O3,DECLARED_CONNECTIVITY_NO_BOND_ORDER,B(OH)4- formula connectivity,connectivity_only_no_order_or_energy
SP09_EV04_CORE_ONLY_CONTROL,SP09_EV04_CORE_ONLY_CONTROL_CORE_B04,SP09_EV04_CORE_ONLY_CONTROL_CORE_B1,SP09_EV04_CORE_ONLY_CONTROL_CORE_O4,DECLARED_CONNECTIVITY_NO_BOND_ORDER,B(OH)4- formula connectivity,connectivity_only_no_order_or_energy
SP09_EV04_CORE_ONLY_CONTROL,SP09_EV04_CORE_ONLY_CONTROL_CORE_B05,SP09_EV04_CORE_ONLY_CONTROL_CORE_O1,SP09_EV04_CORE_ONLY_CONTROL_CORE_H1,DECLARED_CONNECTIVITY_NO_BOND_ORDER,B(OH)4- formula connectivity,connectivity_only_no_order_or_energy
SP09_EV04_CORE_ONLY_CONTROL,SP09_EV04_CORE_ONLY_CONTROL_CORE_B06,SP09_EV04_CORE_ONLY_CONTROL_CORE_O2,SP09_EV04_CORE_ONLY_CONTROL_CORE_H2,DECLARED_CONNECTIVITY_NO_BOND_ORDER,B(OH)4- formula connectivity,connectivity_only_no_order_or_energy
SP09_EV04_CORE_ONLY_CONTROL,SP09_EV04_CORE_ONLY_CONTROL_CORE_B07,SP09_EV04_CORE_ONLY_CONTROL_CORE_O3,SP09_EV04_CORE_ONLY_CONTROL_CORE_H3,DECLARED_CONNECTIVITY_NO_BOND_ORDER,B(OH)4- formula connectivity,connectivity_only_no_order_or_energy
SP09_EV04_CORE_ONLY_CONTROL,SP09_EV04_CORE_ONLY_CONTROL_CORE_B08,SP09_EV04_CORE_ONLY_CONTROL_CORE_O4,SP09_EV04_CORE_ONLY_CONTROL_CORE_H4,DECLARED_CONNECTIVITY_NO_BOND_ORDER,B(OH)4- formula connectivity,connectivity_only_no_order_or_energy
