species_id,chemical_species,graph_id,primary_envelope,contact_count,hypothesis_status,gate_selector_status,physical_coordination_claim
SP01,H2O,SP01_EV01_OCT6_PRIMARY,OCT6_PRIMARY,6,COMMON_SOURCE_NATIVE_TEST_HYPOTHESIS,OPEN_NO_SOURCE_NATIVE_ELEMENT_TO_TRIAD_MAP,false
SP02,Na+,SP02_EV01_OCT6_PRIMARY,OCT6_PRIMARY,6,COMMON_SOURCE_NATIVE_TEST_HYPOTHESIS,OPEN_NO_SOURCE_NATIVE_ELEMENT_TO_TRIAD_MAP,false
SP03,K+,SP03_EV01_OCT6_PRIMARY,OCT6_PRIMARY,6,COMMON_SOURCE_NATIVE_TEST_HYPOTHESIS,OPEN_NO_SOURCE_NATIVE_ELEMENT_TO_TRIAD_MAP,false
SP04,Mg2+,SP04_EV01_OCT6_PRIMARY,OCT6_PRIMARY,6,COMMON_SOURCE_NATIVE_TEST_HYPOTHESIS,OPEN_NO_SOURCE_NATIVE_ELEMENT_TO_TRIAD_MAP,false
SP05,Ca2+,SP05_EV01_OCT6_PRIMARY,OCT6_PRIMARY,6,COMMON_SOURCE_NATIVE_TEST_HYPOTHESIS,OPEN_NO_SOURCE_NATIVE_ELEMENT_TO_TRIAD_MAP,false
SP06,Cl-,SP06_EV01_OCT6_PRIMARY,OCT6_PRIMARY,6,COMMON_SOURCE_NATIVE_TEST_HYPOTHESIS,OPEN_NO_SOURCE_NATIVE_ELEMENT_TO_TRIAD_MAP,false
SP07,SO4^2-,SP07_EV01_OCT6_PRIMARY,OCT6_PRIMARY,6,COMMON_SOURCE_NATIVE_TEST_HYPOTHESIS,OPEN_NO_SOURCE_NATIVE_ELEMENT_TO_TRIAD_MAP,false
SP08,B(OH)3,SP08_EV01_OCT6_PRIMARY,OCT6_PRIMARY,6,COMMON_SOURCE_NATIVE_TEST_HYPOTHESIS,OPEN_NO_SOURCE_NATIVE_ELEMENT_TO_TRIAD_MAP,false
SP09,B(OH)4-,SP09_EV01_OCT6_PRIMARY,OCT6_PRIMARY,6,COMMON_SOURCE_NATIVE_TEST_HYPOTHESIS,OPEN_NO_SOURCE_NATIVE_ELEMENT_TO_TRIAD_MAP,false
