path,bytes,sha256
CR005d_CARRIER_TIMING.csv,4811260,373f1e4ccdb154c80eb6f654ba21f03a7ded955c407062dfc1d0d57ca7db75e1
CR005d_CONTROLS.csv,720,e1e17376752a8525cc6a808095089d69eb05f170bc41914c018327857ffa91c2
CR005d_GATES.csv,612,45b2b95fbf01717e13641e7dc2b1acec2abb26f65f7aeac7bfbba170788a1990
CR005d_HISTORY_RECONSTRUCTION.csv,18814,f3f53ab0aa92d79e15593cdd13fa4f21743474e52ff87657aa565fdffe6d5671
CR005d_PROVENANCE.json,803,695c44b1abfb4c9b807b9b4295c0ba178b62391b5ba5effd259e7b101b66020a
CR005d_RESULT.md,3737,18fc6266d31e462013fe80f6b4557759ecd2019e30e9dc09def0573a42f00962
CR005d_SCENARIO_TIMING.csv,14372,4405124b0415c27ebf638e74d572183f801f07c5e4feffdba5b3742c967799f3
CR005d_SOURCE_DOORS.csv,900,08cceea52bc44038f7626b932523adb632c000486c29728fc01bc6d250fd4bc1
CR005d_SOURCE_SCENARIOS.csv,85697,4a50684d5651235acdb380044bd775510b67cab96ffcdcb575d6ed733a2305b7
CR005d_SOURCE_VALIDATION.csv,3946,b83dfd88a9f487a94163c58750b29a1330bc48dec7bb9b9eddd1b6b7a6b995a5
CR005d_SUMMARY.json,9139,e2bc53614bc9576b8d98dbe0ce56969ded07c9db5b0bddb7b8d75bbad4efc5f6
CR005d_TIMING_DOORS.csv,802,3f10539ee572c99dbe96359709e687b901cc5b9e7becae84b4ab60b138b0536e
CR005d_TIMING_GEOMETRIES.csv,319,4391cccc87032022b3f257ef631d99b06229828d468e07eab7601b93cd3606a2
EXECUTION_RECEIPT.json,477,f4688404a7c5ef9b8c0a0cf2e64d83d057fbaacdea77ee35241101a24117ede0
