candidate_id,bin,partition_signature,n_atoms,n_conn,q_abs,q_sign,M_native,M_observed,formula_applicable,predicted_ratio,actual_ratio,abs_rel_delta,classification,set
QP093A-0001,stable_matter_rows,1,1,0,1,positive,1.25,1.25,False,,1,,not_applicable,out_of_scope
QP093A-0002,stable_matter_rows,1,1,0,1,negative,1.5,1.5,False,,1,,not_applicable,out_of_scope
QP093A-0003,stable_matter_rows,1,1,0,0,neutral,0.125,0.125,False,,1,,not_applicable,out_of_scope
QP093A-0004,stable_matter_rows,2,1,0,2,positive,2.50,2.50,False,,1,,not_applicable,out_of_scope
QP093A-0005,stable_matter_rows,2,1,0,2,negative,3.0,3.0,False,,1,,not_applicable,out_of_scope
QP093A-0006,stable_matter_rows,2,1,0,0,neutral,0.250,0.250,False,,1,,not_applicable,out_of_scope
QP093A-0007,stable_matter_rows,3,1,0,3,positive,3.75,3.75,False,,1,,not_applicable,out_of_scope
QP093A-0008,stable_matter_rows,3,1,0,3,negative,4.5,4.5,False,,1,,not_applicable,out_of_scope
QP093A-0009,stable_matter_rows,3,1,0,0,neutral,0.375,0.375,False,,1,,not_applicable,out_of_scope
QP093A-0010,stable_matter_rows,4,1,0,4,positive,5.00,5.00,False,,1,,not_applicable,out_of_scope
QP093A-0011,stable_matter_rows,4,1,0,4,negative,6.0,6.0,False,,1,,not_applicable,out_of_scope
QP093A-0012,stable_matter_rows,4,1,0,0,neutral,0.500,0.500,False,,1,,not_applicable,out_of_scope
QP093A-0013,stable_matter_rows,6,1,0,6,positive,7.50,7.50,False,,1,,not_applicable,out_of_scope
QP093A-0014,stable_matter_rows,6,1,0,6,negative,9.0,9.0,False,,1,,not_applicable,out_of_scope
QP093A-0015,stable_matter_rows,6,1,0,0,neutral,0.750,0.750,False,,1,,not_applicable,out_of_scope
QP093A-0016,stable_matter_rows,8,1,0,8,positive,10.00,10.00,False,,1,,not_applicable,out_of_scope
QP093A-0017,stable_matter_rows,8,1,0,8,negative,12.0,12.0,False,,1,,not_applicable,out_of_scope
QP093A-0018,stable_matter_rows,8,1,0,0,neutral,1.000,1.000,False,,1,,not_applicable,out_of_scope
QP093A-0019,stable_matter_rows,9,1,0,9,positive,11.25,11.25,False,,1,,not_applicable,out_of_scope
QP093A-0020,stable_matter_rows,9,1,0,9,negative,13.5,13.5,False,,1,,not_applicable,out_of_scope
QP093A-0021,stable_matter_rows,9,1,0,0,neutral,1.125,1.125,False,,1,,not_applicable,out_of_scope
QP093A-0022,stable_matter_rows,12,1,0,12,positive,15.00,15.00,False,,1,,not_applicable,out_of_scope
QP093A-0023,stable_matter_rows,12,1,0,12,negative,18.0,18.0,False,,1,,not_applicable,out_of_scope
QP093A-0024,stable_matter_rows,12,1,0,0,neutral,1.500,1.500,False,,1,,not_applicable,out_of_scope
QP093A-0025,stable_matter_rows,1,1,0,1,positive,15.00,15.00,False,,1,,not_applicable,out_of_scope
QP093A-0026,stable_matter_rows,1,1,0,1,negative,18.0,18.0,False,,1,,not_applicable,out_of_scope
QP093A-0027,stable_matter_rows,1,1,0,0,neutral,1.500,1.500,False,,1,,not_applicable,out_of_scope
QP093A-0028,stable_matter_rows,2,1,0,2,positive,30.00,30.00,False,,1,,not_applicable,out_of_scope
QP093A-0029,stable_matter_rows,2,1,0,2,negative,36.0,36.0,False,,1,,not_applicable,out_of_scope
QP093A-0030,stable_matter_rows,2,1,0,0,neutral,3.000,3.000,False,,1,,not_applicable,out_of_scope
QP093A-0031,stable_matter_rows,3,1,0,3,positive,45.00,45.00,False,,1,,not_applicable,out_of_scope
QP093A-0032,stable_matter_rows,3,1,0,3,negative,54.0,54.0,False,,1,,not_applicable,out_of_scope
QP093A-0033,stable_matter_rows,3,1,0,0,neutral,4.500,4.500,False,,1,,not_applicable,out_of_scope
QP093A-0034,stable_matter_rows,4,1,0,4,positive,60.00,60.00,False,,1,,not_applicable,out_of_scope
QP093A-0035,stable_matter_rows,4,1,0,4,negative,72.0,72.0,False,,1,,not_applicable,out_of_scope
QP093A-0036,stable_matter_rows,4,1,0,0,neutral,6.000,6.000,False,,1,,not_applicable,out_of_scope
QP093A-0037,stable_matter_rows,6,1,0,6,positive,90.00,90.00,False,,1,,not_applicable,out_of_scope
QP093A-0038,stable_matter_rows,6,1,0,6,negative,108.0,108.0,False,,1,,not_applicable,out_of_scope
QP093A-0039,stable_matter_rows,6,1,0,0,neutral,9.000,9.000,False,,1,,not_applicable,out_of_scope
QP093A-0040,stable_matter_rows,8,1,0,8,positive,120.00,120.00,False,,1,,not_applicable,out_of_scope
QP093A-0041,stable_matter_rows,8,1,0,8,negative,144.0,144.0,False,,1,,not_applicable,out_of_scope
QP093A-0042,stable_matter_rows,8,1,0,0,neutral,12.000,12.000,False,,1,,not_applicable,out_of_scope
QP093A-0043,stable_matter_rows,9,1,0,9,positive,135.00,135.00,False,,1,,not_applicable,out_of_scope
QP093A-0044,stable_matter_rows,9,1,0,9,negative,162.0,162.0,False,,1,,not_applicable,out_of_scope
QP093A-0045,stable_matter_rows,9,1,0,0,neutral,13.500,13.500,False,,1,,not_applicable,out_of_scope
QP093A-0046,stable_matter_rows,12,1,0,12,positive,180.00,180.00,False,,1,,not_applicable,out_of_scope
QP093A-0047,stable_matter_rows,12,1,0,12,negative,216.0,216.0,False,,1,,not_applicable,out_of_scope
QP093A-0048,stable_matter_rows,12,1,0,0,neutral,18.000,18.000,False,,1,,not_applicable,out_of_scope
QP093A-0049,stable_matter_rows,1,1,0,1,positive,180.00,180.00,False,,1,,not_applicable,out_of_scope
QP093A-0050,stable_matter_rows,1,1,0,1,negative,216.0,216.0,False,,1,,not_applicable,out_of_scope
QP093A-0051,stable_matter_rows,1,1,0,0,neutral,18.000,18.000,False,,1,,not_applicable,out_of_scope
QP093A-0052,stable_matter_rows,2,1,0,2,positive,360.00,360.00,False,,1,,not_applicable,out_of_scope
QP093A-0053,stable_matter_rows,2,1,0,2,negative,432.0,432.0,False,,1,,not_applicable,out_of_scope
QP093A-0054,stable_matter_rows,2,1,0,0,neutral,36.000,36.000,False,,1,,not_applicable,out_of_scope
QP093A-0055,stable_matter_rows,3,1,0,3,positive,540.00,540.00,False,,1,,not_applicable,out_of_scope
QP093A-0056,stable_matter_rows,3,1,0,3,negative,648.0,648.0,False,,1,,not_applicable,out_of_scope
QP093A-0057,stable_matter_rows,3,1,0,0,neutral,54.000,54.000,False,,1,,not_applicable,out_of_scope
QP093A-0058,stable_matter_rows,4,1,0,4,positive,720.00,720.00,False,,1,,not_applicable,out_of_scope
QP093A-0059,stable_matter_rows,4,1,0,4,negative,864.0,864.0,False,,1,,not_applicable,out_of_scope
QP093A-0060,stable_matter_rows,4,1,0,0,neutral,72.000,72.000,False,,1,,not_applicable,out_of_scope
QP093A-0061,stable_matter_rows,6,1,0,6,positive,1080.00,1080.00,False,,1,,not_applicable,out_of_scope
QP093A-0062,stable_matter_rows,6,1,0,6,negative,1296.0,1296.0,False,,1,,not_applicable,out_of_scope
QP093A-0063,stable_matter_rows,6,1,0,0,neutral,108.000,108.000,False,,1,,not_applicable,out_of_scope
QP093A-0064,unstable_resonance_rows,8,1,0,8,positive,1440.00,1440.00,False,,1,,not_applicable,out_of_scope
QP093A-0065,unstable_resonance_rows,8,1,0,8,negative,1728.0,1728.0,False,,1,,not_applicable,out_of_scope
QP093A-0066,unstable_resonance_rows,8,1,0,0,neutral,144.000,144.000,False,,1,,not_applicable,out_of_scope
QP093A-0067,unstable_resonance_rows,9,1,0,9,positive,1620.00,1620.00,False,,1,,not_applicable,out_of_scope
QP093A-0068,unstable_resonance_rows,9,1,0,9,negative,1944.0,1944.0,False,,1,,not_applicable,out_of_scope
QP093A-0069,unstable_resonance_rows,9,1,0,0,neutral,162.000,162.000,False,,1,,not_applicable,out_of_scope
QP093A-0070,unstable_resonance_rows,12,1,0,12,positive,2160.00,2160.00,False,,1,,not_applicable,out_of_scope
QP093A-0071,unstable_resonance_rows,12,1,0,12,negative,2592.0,2592.0,False,,1,,not_applicable,out_of_scope
QP093A-0072,unstable_resonance_rows,12,1,0,0,neutral,216.000,216.000,False,,1,,not_applicable,out_of_scope
QP093A-0073,antimatter_conjugate_rows,1,1,0,1,negative,1.25,1.354166666666666666666666666666666666666666666666666666666666666666666666666666666666666666666666667,False,,1.0833333333333333333333333333333333333333333333333333333333333333333333333333333,,not_applicable,out_of_scope
QP093A-0074,antimatter_conjugate_rows,1,1,0,1,positive,1.5,1.375000000000000000000000000000000000000000000000000000000000000000000000000000000000000000000000000,False,,0.91666666666666666666666666666666666666666666666666666666666666666666666666666667,,not_applicable,out_of_scope
QP093A-0075,antimatter_conjugate_rows,2,1,0,2,negative,2.50,2.916666666666666666666666666666666666666666666666666666666666666666666666666666666666666666666666667,False,,1.1666666666666666666666666666666666666666666666666666666666666666666666666666667,,not_applicable,out_of_scope
QP093A-0076,antimatter_conjugate_rows,2,1,0,2,positive,3.0,2.500000000000000000000000000000000000000000000000000000000000000000000000000000000000000000000000000,False,,0.83333333333333333333333333333333333333333333333333333333333333333333333333333333,,not_applicable,out_of_scope
QP093A-0077,antimatter_conjugate_rows,3,1,0,3,negative,3.75,4.6875,False,,1.25,,not_applicable,out_of_scope
QP093A-0078,antimatter_conjugate_rows,3,1,0,3,positive,4.5,3.375,False,,0.75,,not_applicable,out_of_scope
QP093A-0079,antimatter_conjugate_rows,4,1,0,4,negative,5.00,6.666666666666666666666666666666666666666666666666666666666666666666666666666666666666666666666666666,False,,1.3333333333333333333333333333333333333333333333333333333333333333333333333333333,,not_applicable,out_of_scope
QP093A-0080,antimatter_conjugate_rows,4,1,0,4,positive,6.0,4.000000000000000000000000000000000000000000000000000000000000000000000000000000000000000000000000000,False,,0.66666666666666666666666666666666666666666666666666666666666666666666666666666667,,not_applicable,out_of_scope
QP093A-0081,antimatter_conjugate_rows,6,1,0,6,negative,7.50,11.250,False,,1.5,,not_applicable,out_of_scope
QP093A-0082,antimatter_conjugate_rows,6,1,0,6,positive,9.0,4.50,False,,0.5,,not_applicable,out_of_scope
QP093A-0083,antimatter_conjugate_rows,8,1,0,8,negative,10.00,16.66666666666666666666666666666666666666666666666666666666666666666666666666666666666666666666666667,False,,1.6666666666666666666666666666666666666666666666666666666666666666666666666666667,,not_applicable,out_of_scope
QP093A-0084,antimatter_conjugate_rows,8,1,0,8,positive,12.0,4.000000000000000000000000000000000000000000000000000000000000000000000000000000000000000000000000000,False,,0.33333333333333333333333333333333333333333333333333333333333333333333333333333333,,not_applicable,out_of_scope
QP093A-0085,antimatter_conjugate_rows,9,1,0,9,negative,11.25,19.6875,False,,1.75,,not_applicable,out_of_scope
QP093A-0086,antimatter_conjugate_rows,9,1,0,9,positive,13.5,3.375,False,,0.25,,not_applicable,out_of_scope
QP093A-0087,antimatter_conjugate_rows,12,1,0,12,negative,15.00,30.00,False,,2,,not_applicable,out_of_scope
QP093A-0088,antimatter_conjugate_rows,12,1,0,12,positive,18.0,0.0,False,,0,,not_applicable,out_of_scope
QP093A-0089,antimatter_conjugate_rows,1,1,0,1,negative,15.00,15.10416666666666666666666666666666666666666666666666666666666666666666666666666666666666666666666667,False,,1.0069444444444444444444444444444444444444444444444444444444444444444444444444444,,not_applicable,out_of_scope
QP093A-0090,antimatter_conjugate_rows,1,1,0,1,positive,18.0,17.87500000000000000000000000000000000000000000000000000000000000000000000000000000000000000000000000,False,,0.99305555555555555555555555555555555555555555555555555555555555555555555555555556,,not_applicable,out_of_scope
QP093A-0091,antimatter_conjugate_rows,2,1,0,2,negative,30.00,30.41666666666666666666666666666666666666666666666666666666666666666666666666666666666666666666666667,False,,1.0138888888888888888888888888888888888888888888888888888888888888888888888888889,,not_applicable,out_of_scope
QP093A-0092,antimatter_conjugate_rows,2,1,0,2,positive,36.0,35.50000000000000000000000000000000000000000000000000000000000000000000000000000000000000000000000000,False,,0.98611111111111111111111111111111111111111111111111111111111111111111111111111111,,not_applicable,out_of_scope
QP093A-0093,antimatter_conjugate_rows,3,1,0,3,negative,45.00,45.9375,False,,1.0208333333333333333333333333333333333333333333333333333333333333333333333333333,,not_applicable,out_of_scope
QP093A-0094,antimatter_conjugate_rows,3,1,0,3,positive,54.0,52.875,False,,0.97916666666666666666666666666666666666666666666666666666666666666666666666666667,,not_applicable,out_of_scope
QP093A-0095,antimatter_conjugate_rows,4,1,0,4,negative,60.00,61.66666666666666666666666666666666666666666666666666666666666666666666666666666666666666666666666667,False,,1.0277777777777777777777777777777777777777777777777777777777777777777777777777778,,not_applicable,out_of_scope
QP093A-0096,antimatter_conjugate_rows,4,1,0,4,positive,72.0,70.00000000000000000000000000000000000000000000000000000000000000000000000000000000000000000000000000,False,,0.97222222222222222222222222222222222222222222222222222222222222222222222222222222,,not_applicable,out_of_scope
QP093A-0097,antimatter_conjugate_rows,6,1,0,6,negative,90.00,93.750,False,,1.0416666666666666666666666666666666666666666666666666666666666666666666666666667,,not_applicable,out_of_scope
QP093A-0098,antimatter_conjugate_rows,6,1,0,6,positive,108.0,103.50,False,,0.95833333333333333333333333333333333333333333333333333333333333333333333333333333,,not_applicable,out_of_scope
QP093A-0099,antimatter_conjugate_rows,8,1,0,8,negative,120.00,126.6666666666666666666666666666666666666666666666666666666666666666666666666666666666666666666666667,False,,1.0555555555555555555555555555555555555555555555555555555555555555555555555555556,,not_applicable,out_of_scope
QP093A-0100,antimatter_conjugate_rows,8,1,0,8,positive,144.0,136.0000000000000000000000000000000000000000000000000000000000000000000000000000000000000000000000000,False,,0.94444444444444444444444444444444444444444444444444444444444444444444444444444444,,not_applicable,out_of_scope
QP093A-0101,antimatter_conjugate_rows,9,1,0,9,negative,135.00,143.4375,False,,1.0625,,not_applicable,out_of_scope
QP093A-0102,antimatter_conjugate_rows,9,1,0,9,positive,162.0,151.875,False,,0.9375,,not_applicable,out_of_scope
QP093A-0103,antimatter_conjugate_rows,12,1,0,12,negative,180.00,195.00,False,,1.0833333333333333333333333333333333333333333333333333333333333333333333333333333,,not_applicable,out_of_scope
QP093A-0104,antimatter_conjugate_rows,12,1,0,12,positive,216.0,198.0,False,,0.91666666666666666666666666666666666666666666666666666666666666666666666666666667,,not_applicable,out_of_scope
QP093A-0105,antimatter_conjugate_rows,1,1,0,1,negative,180.00,180.1041666666666666666666666666666666666666666666666666666666666666666666666666666666666666666666667,False,,1.0005787037037037037037037037037037037037037037037037037037037037037037037037037,,not_applicable,out_of_scope
QP093A-0106,antimatter_conjugate_rows,1,1,0,1,positive,216.0,215.8750000000000000000000000000000000000000000000000000000000000000000000000000000000000000000000000,False,,0.99942129629629629629629629629629629629629629629629629629629629629629629629629630,,not_applicable,out_of_scope
QP093A-0107,antimatter_conjugate_rows,2,1,0,2,negative,360.00,360.4166666666666666666666666666666666666666666666666666666666666666666666666666666666666666666666667,False,,1.0011574074074074074074074074074074074074074074074074074074074074074074074074074,,not_applicable,out_of_scope
QP093A-0108,antimatter_conjugate_rows,2,1,0,2,positive,432.0,431.5000000000000000000000000000000000000000000000000000000000000000000000000000000000000000000000000,False,,0.99884259259259259259259259259259259259259259259259259259259259259259259259259259,,not_applicable,out_of_scope
QP093A-0109,antimatter_conjugate_rows,3,1,0,3,negative,540.00,540.9375,False,,1.0017361111111111111111111111111111111111111111111111111111111111111111111111111,,not_applicable,out_of_scope
QP093A-0110,antimatter_conjugate_rows,3,1,0,3,positive,648.0,646.875,False,,0.99826388888888888888888888888888888888888888888888888888888888888888888888888889,,not_applicable,out_of_scope
QP093A-0111,antimatter_conjugate_rows,4,1,0,4,negative,720.00,721.6666666666666666666666666666666666666666666666666666666666666666666666666666666666666666666666667,False,,1.0023148148148148148148148148148148148148148148148148148148148148148148148148148,,not_applicable,out_of_scope
QP093A-0112,antimatter_conjugate_rows,4,1,0,4,positive,864.0,862.0000000000000000000000000000000000000000000000000000000000000000000000000000000000000000000000000,False,,0.99768518518518518518518518518518518518518518518518518518518518518518518518518519,,not_applicable,out_of_scope
QP093A-0113,antimatter_conjugate_rows,6,1,0,6,negative,1080.00,1083.750,False,,1.0034722222222222222222222222222222222222222222222222222222222222222222222222222,,not_applicable,out_of_scope
QP093A-0114,antimatter_conjugate_rows,6,1,0,6,positive,1296.0,1291.50,False,,0.99652777777777777777777777777777777777777777777777777777777777777777777777777778,,not_applicable,out_of_scope
QP093A-0115,bound_composite_rows,1+1+1,3,2,1,positive,108,72.00000000000000000000000000000000000000000000000000000000000000000000000000000000000000000000000000,True,1.3333333333333333333333333333333333333333333333333333333333333333333333333333333,0.66666666666666666666666666666666666666666666666666666666666666666666666666666667,0.99999999999999999999999999999999999999999999999999999999999999999999999999999994,systematic_miss,derivation
QP093A-0116,bound_composite_rows,1+1+2,3,2,2,positive,216,215.9713541666666666666666666666666666666666666666666666666666666666666666666666666666666666666666667,True,1.4166666666666666666666666666666666666666666666666666666666666666666666666666667,0.99986738040123456790123456790123456790123456790123456790123456790123456790123457,0.41685456935116298698949754621200245981696067910240796787768439583760384889006792,systematic_miss,derivation
QP093A-0117,bound_composite_rows,1+1+3,3,2,0,neutral,396,395.7565104166666666666666666666666666666666666666666666666666666666666666666666666666666666666666667,True,1.25,0.99938512731481481481481481481481481481481481481481481481481481481481481481481481,0.25076906373276392457746733741087908508559226955231442944518837537548405776121024,systematic_miss,extension
QP093A-0118,bound_composite_rows,1+1+4,3,2,1,positive,648,432.0000000000000000000000000000000000000000000000000000000000000000000000000000000000000000000000000,True,1.3333333333333333333333333333333333333333333333333333333333333333333333333333333,0.66666666666666666666666666666666666666666666666666666666666666666666666666666667,0.99999999999999999999999999999999999999999999999999999999999999999999999999999994,systematic_miss,derivation
QP093A-0119,bound_composite_rows,1+1+6,3,2,0,neutral,1368,1367.158854166666666666666666666666666666666666666666666666666666666666666666666666666666666666666667,True,1.25,0.99938512731481481481481481481481481481481481481481481481481481481481481481481481,0.25076906373276392457746733741087908508559226955231442944518837537548405776121024,systematic_miss,extension
QP093A-0120,bound_composite_rows,1+1+8,3,2,2,positive,2376,2375.684895833333333333333333333333333333333333333333333333333333333333333333333333333333333333333333,True,1.4166666666666666666666666666666666666666666666666666666666666666666666666666667,0.99986738040123456790123456790123456790123456790123456790123456790123456790123457,0.41685456935116298698949754621200245981696067910240796787768439583760384889006792,systematic_miss,derivation
QP093A-0121,bound_composite_rows,1+1+9,3,2,0,neutral,2988,2986.162760416666666666666666666666666666666666666666666666666666666666666666666666666666666666666667,True,1.25,0.99938512731481481481481481481481481481481481481481481481481481481481481481481481,0.25076906373276392457746733741087908508559226955231442944518837537548405776121024,systematic_miss,extension
QP093A-0122,bound_composite_rows,1+1+12,3,2,0,neutral,5256,5252.768229166666666666666666666666666666666666666666666666666666666666666666666666666666666666666667,True,1.25,0.99938512731481481481481481481481481481481481481481481481481481481481481481481481,0.25076906373276392457746733741087908508559226955231442944518837537548405776121024,systematic_miss,extension
QP093A-0123,bound_composite_rows,1+2+2,3,2,1,positive,324,323.9726562500000000000000000000000000000000000000000000000000000000000000000000000000000000000000000,True,1.3333333333333333333333333333333333333333333333333333333333333333333333333333333,0.99991560570987654320987654320987654320987654320987654320987654320987654320987654,0.33344586855082773671582044202225785837442878329334313997371498848523578137622530,systematic_miss,derivation
QP093A-0124,bound_composite_rows,1+2+3,3,2,1,negative,504,672.0000000000000000000000000000000000000000000000000000000000000000000000000000000000000000000000000,True,1.3333333333333333333333333333333333333333333333333333333333333333333333333333333,1.3333333333333333333333333333333333333333333333333333333333333333333333333333333,0,exact_match,derivation
QP093A-0125,bound_composite_rows,1+2+4,3,2,0,neutral,756,755.53515625,True,1.25,0.99938512731481481481481481481481481481481481481481481481481481481481481481481481,0.25076906373276392457746733741087908508559226955231442944518837537548405776121024,systematic_miss,extension
QP093A-0126,bound_composite_rows,1+2+6,3,2,1,negative,1476,1968.000000000000000000000000000000000000000000000000000000000000000000000000000000000000000000000000,True,1.3333333333333333333333333333333333333333333333333333333333333333333333333333333,1.3333333333333333333333333333333333333333333333333333333333333333333333333333333,0,exact_match,derivation
QP093A-0127,bound_composite_rows,1+2+8,3,2,1,positive,2484,2483.790364583333333333333333333333333333333333333333333333333333333333333333333333333333333333333333,True,1.3333333333333333333333333333333333333333333333333333333333333333333333333333333,0.99991560570987654320987654320987654320987654320987654320987654320987654320987654,0.33344586855082773671582044202225785837442878329334313997371498848523578137622530,systematic_miss,derivation
QP093A-0128,bound_composite_rows,1+2+9,3,2,1,negative,3096,4128.000000000000000000000000000000000000000000000000000000000000000000000000000000000000000000000000,True,1.3333333333333333333333333333333333333333333333333333333333333333333333333333333,1.3333333333333333333333333333333333333333333333333333333333333333333333333333333,0,exact_match,derivation
QP093A-0129,bound_composite_rows,1+2+12,3,2,1,negative,5364,7152.000000000000000000000000000000000000000000000000000000000000000000000000000000000000000000000000,True,1.3333333333333333333333333333333333333333333333333333333333333333333333333333333,1.3333333333333333333333333333333333333333333333333333333333333333333333333333333,0,exact_match,derivation
QP093A-0130,bound_composite_rows,1+3+3,3,2,2,negative,684,684.0907118055555555555555555555555555555555555555555555555555555555555555555555555555555555555555556,True,1.4166666666666666666666666666666666666666666666666666666666666666666666666666667,1.0001326195987654320987654320987654320987654320987654320987654320987654320987654,0.41647881381471882345850159725152190946898921101802181905852570670845639201976983,systematic_miss,derivation
QP093A-0131,bound_composite_rows,1+3+4,3,2,1,negative,936,936.0789930555555555555555555555555555555555555555555555555555555555555555555555555555555555555555556,True,1.3333333333333333333333333333333333333333333333333333333333333333333333333333333,1.0000843942901234567901234567901234567901234567901234567901234567901234567901235,0.33322081710889561307277790502826970138997721546455136164723752576822461453147030,systematic_miss,derivation
QP093A-0132,bound_composite_rows,1+3+6,3,2,2,negative,1656,1656.219618055555555555555555555555555555555555555555555555555555555555555555555555555555555555555556,True,1.4166666666666666666666666666666666666666666666666666666666666666666666666666667,1.0001326195987654320987654320987654320987654320987654320987654320987654320987654,0.41647881381471882345850159725152190946898921101802181905852570670845639201976983,systematic_miss,derivation
QP093A-0133,bound_composite_rows,1+3+8,3,2,0,neutral,2664,-666.00,True,1.25,-0.25,6,systematic_miss,extension
QP093A-0134,bound_composite_rows,1+3+9,3,2,2,negative,3276,3276.434461805555555555555555555555555555555555555555555555555555555555555555555555555555555555555556,True,1.4166666666666666666666666666666666666666666666666666666666666666666666666666667,1.0001326195987654320987654320987654320987654320987654320987654320987654320987654,0.41647881381471882345850159725152190946898921101802181905852570670845639201976983,systematic_miss,derivation
QP093A-0135,bound_composite_rows,1+3+12,3,2,2,negative,5544,5544.735243055555555555555555555555555555555555555555555555555555555555555555555555555555555555555556,True,1.4166666666666666666666666666666666666666666666666666666666666666666666666666667,1.0001326195987654320987654320987654320987654320987654320987654320987654320987654,0.41647881381471882345850159725152190946898921101802181905852570670845639201976983,systematic_miss,derivation
QP093A-0136,bound_composite_rows,1+4+4,3,2,2,negative,1188,1683.000000000000000000000000000000000000000000000000000000000000000000000000000000000000000000000000,True,1.4166666666666666666666666666666666666666666666666666666666666666666666666666667,1.4166666666666666666666666666666666666666666666666666666666666666666666666666667,0,exact_match,derivation
QP093A-0137,bound_composite_rows,1+4+6,3,2,3,negative,1908,1908.345052083333333333333333333333333333333333333333333333333333333333333333333333333333333333333333,True,1.5,1.0001808449074074074074074074074074074074074074074074074074074074074074074074074,0.49972878168733952916500922142263045600838968647163056449571475065996456080714571,systematic_miss,derivation
QP093A-0138,bound_composite_rows,1+4+8,3,2,1,negative,2916,2916.246093750000000000000000000000000000000000000000000000000000000000000000000000000000000000000000,True,1.3333333333333333333333333333333333333333333333333333333333333333333333333333333,1.0000843942901234567901234567901234567901234567901234567901234567901234567901235,0.33322081710889561307277790502826970138997721546455136164723752576822461453147030,systematic_miss,derivation
QP093A-0139,bound_composite_rows,1+4+9,3,2,3,negative,3528,3528.638020833333333333333333333333333333333333333333333333333333333333333333333333333333333333333333,True,1.5,1.0001808449074074074074074074074074074074074074074074074074074074074074074074074,0.49972878168733952916500922142263045600838968647163056449571475065996456080714571,systematic_miss,derivation
QP093A-0140,bound_composite_rows,1+4+12,3,2,3,negative,5796,5797.048177083333333333333333333333333333333333333333333333333333333333333333333333333333333333333333,True,1.5,1.0001808449074074074074074074074074074074074074074074074074074074074074074074074,0.49972878168733952916500922142263045600838968647163056449571475065996456080714571,systematic_miss,derivation
QP093A-0141,bound_composite_rows,1+6+6,3,2,5,negative,2628,2628.728732638888888888888888888888888888888888888888888888888888888888888888888888888888888888888889,True,1.6666666666666666666666666666666666666666666666666666666666666666666666666666667,1.0002772955246913580246913580246913580246913580246913580246913580246913580246914,0.66620463557800089192088420697385707570479829329733508503380862270541299552834256,systematic_miss,extension
QP093A-0142,bound_composite_rows,1+6+8,3,2,3,negative,3636,5454.00,True,1.5,1.50,0,exact_match,derivation
QP093A-0143,bound_composite_rows,1+6+9,3,2,5,negative,4248,4249.177951388888888888888888888888888888888888888888888888888888888888888888888888888888888888888889,True,1.6666666666666666666666666666666666666666666666666666666666666666666666666666667,1.0002772955246913580246913580246913580246913580246913580246913580246913580246914,0.66620463557800089192088420697385707570479829329733508503380862270541299552834256,systematic_miss,extension
QP093A-0144,bound_composite_rows,1+6+12,3,2,5,negative,6516,6517.806857638888888888888888888888888888888888888888888888888888888888888888888888888888888888888889,True,1.6666666666666666666666666666666666666666666666666666666666666666666666666666667,1.0002772955246913580246913580246913580246913580246913580246913580246913580246914,0.66620463557800089192088420697385707570479829329733508503380862270541299552834256,systematic_miss,extension
QP093A-0145,bound_composite_rows,1+8+8,3,2,5,negative,4644,4645.287760416666666666666666666666666666666666666666666666666666666666666666666666666666666666666667,True,1.6666666666666666666666666666666666666666666666666666666666666666666666666666667,1.0002772955246913580246913580246913580246913580246913580246913580246913580246914,0.66620463557800089192088420697385707570479829329733508503380862270541299552834256,systematic_miss,extension
QP093A-0146,bound_composite_rows,1+8+9,3,2,7,negative,5256,9636.000000000000000000000000000000000000000000000000000000000000000000000000000000000000000000000000,True,1.8333333333333333333333333333333333333333333333333333333333333333333333333333333,1.8333333333333333333333333333333333333333333333333333333333333333333333333333333,0,exact_match,extension
QP093A-0147,bound_composite_rows,1+8+12,3,2,7,negative,7524,13794.00000000000000000000000000000000000000000000000000000000000000000000000000000000000000000000000,True,1.8333333333333333333333333333333333333333333333333333333333333333333333333333333,1.8333333333333333333333333333333333333333333333333333333333333333333333333333333,0,exact_match,extension
QP093A-0148,bound_composite_rows,1+9+9,3,2,8,negative,5868,5870.476128472222222222222222222222222222222222222222222222222222222222222222222222222222222222222222,True,1.9166666666666666666666666666666666666666666666666666666666666666666666666666667,1.0004219714506172839506172839506172839506172839506172839506172839506172839506173,0.91585822919051808288844165391243567649646296050808035768085901252124031381433857,systematic_miss,extension
QP093A-0149,bound_composite_rows,1+9+12,3,2,8,negative,8136,8139.433159722222222222222222222222222222222222222222222222222222222222222222222222222222222222222222,True,1.9166666666666666666666666666666666666666666666666666666666666666666666666666667,1.0004219714506172839506172839506172839506172839506172839506172839506172839506173,0.91585822919051808288844165391243567649646296050808035768085901252124031381433857,systematic_miss,extension
QP093A-0150,bound_composite_rows,1+12+12,3,2,11,negative,10404,10409.89539930555555555555555555555555555555555555555555555555555555555555555555555555555555555555556,True,2.1666666666666666666666666666666666666666666666666666666666666666666666666666667,1.0005666473765432098765432098765432098765432098765432098765432098765432098765432,1.1654396259835403838970490776108252702100227735537588413201431480521984311551856,systematic_miss,extension
QP093A-0151,bound_composite_rows,2+2+2,3,2,2,positive,432,252.0000000000000000000000000000000000000000000000000000000000000000000000000000000000000000000000000,True,1.4166666666666666666666666666666666666666666666666666666666666666666666666666667,0.58333333333333333333333333333333333333333333333333333333333333333333333333333333,1.4285714285714285714285714285714285714285714285714285714285714285714285714285715,systematic_miss,derivation
QP093A-0152,bound_composite_rows,2+2+3,3,2,0,neutral,612,611.6236979166666666666666666666666666666666666666666666666666666666666666666666666666666666666666667,True,1.25,0.99938512731481481481481481481481481481481481481481481481481481481481481481481481,0.25076906373276392457746733741087908508559226955231442944518837537548405776121024,systematic_miss,extension
QP093A-0153,bound_composite_rows,2+2+4,3,2,1,positive,864,863.9270833333333333333333333333333333333333333333333333333333333333333333333333333333333333333333333,True,1.3333333333333333333333333333333333333333333333333333333333333333333333333333333,0.99991560570987654320987654320987654320987654320987654320987654320987654320987654,0.33344586855082773671582044202225785837442878329334313997371498848523578137622530,systematic_miss,derivation
QP093A-0154,bound_composite_rows,2+2+6,3,2,0,neutral,1584,1583.026041666666666666666666666666666666666666666666666666666666666666666666666666666666666666666667,True,1.25,0.99938512731481481481481481481481481481481481481481481481481481481481481481481481,0.25076906373276392457746733741087908508559226955231442944518837537548405776121024,systematic_miss,extension
QP093A-0155,bound_composite_rows,2+2+8,3,2,2,positive,2592,1512.000000000000000000000000000000000000000000000000000000000000000000000000000000000000000000000000,True,1.4166666666666666666666666666666666666666666666666666666666666666666666666666667,0.58333333333333333333333333333333333333333333333333333333333333333333333333333333,1.4285714285714285714285714285714285714285714285714285714285714285714285714285715,systematic_miss,derivation
QP093A-0156,bound_composite_rows,2+2+9,3,2,0,neutral,3204,3202.029947916666666666666666666666666666666666666666666666666666666666666666666666666666666666666667,True,1.25,0.99938512731481481481481481481481481481481481481481481481481481481481481481481481,0.25076906373276392457746733741087908508559226955231442944518837537548405776121024,systematic_miss,extension
QP093A-0157,bound_composite_rows,2+2+12,3,2,0,neutral,5472,5468.635416666666666666666666666666666666666666666666666666666666666666666666666666666666666666666667,True,1.25,0.99938512731481481481481481481481481481481481481481481481481481481481481481481481,0.25076906373276392457746733741087908508559226955231442944518837537548405776121024,systematic_miss,extension
QP093A-0158,bound_composite_rows,2+3+3,3,2,1,negative,792,792.0668402777777777777777777777777777777777777777777777777777777777777777777777777777777777777777778,True,1.3333333333333333333333333333333333333333333333333333333333333333333333333333333,1.0000843942901234567901234567901234567901234567901234567901234567901234567901235,0.33322081710889561307277790502826970138997721546455136164723752576822461453147030,systematic_miss,derivation
QP093A-0159,bound_composite_rows,2+3+4,3,2,0,neutral,1044,-261.00,True,1.25,-0.25,6,systematic_miss,extension
QP093A-0160,bound_composite_rows,2+3+6,3,2,1,negative,1764,1764.148871527777777777777777777777777777777777777777777777777777777777777777777777777777777777777778,True,1.3333333333333333333333333333333333333333333333333333333333333333333333333333333,1.0000843942901234567901234567901234567901234567901234567901234567901234567901235,0.33322081710889561307277790502826970138997721546455136164723752576822461453147030,systematic_miss,derivation
QP093A-0161,bound_composite_rows,2+3+8,3,2,1,positive,2772,2771.766059027777777777777777777777777777777777777777777777777777777777777777777777777777777777777778,True,1.3333333333333333333333333333333333333333333333333333333333333333333333333333333,0.99991560570987654320987654320987654320987654320987654320987654320987654320987654,0.33344586855082773671582044202225785837442878329334313997371498848523578137622530,systematic_miss,derivation
QP093A-0162,bound_composite_rows,2+3+9,3,2,1,negative,3384,3384.285590277777777777777777777777777777777777777777777777777777777777777777777777777777777777777778,True,1.3333333333333333333333333333333333333333333333333333333333333333333333333333333,1.0000843942901234567901234567901234567901234567901234567901234567901234567901235,0.33322081710889561307277790502826970138997721546455136164723752576822461453147030,systematic_miss,derivation
QP093A-0163,bound_composite_rows,2+3+12,3,2,1,negative,5652,5652.476996527777777777777777777777777777777777777777777777777777777777777777777777777777777777777778,True,1.3333333333333333333333333333333333333333333333333333333333333333333333333333333,1.0000843942901234567901234567901234567901234567901234567901234567901234567901235,0.33322081710889561307277790502826970138997721546455136164723752576822461453147030,systematic_miss,derivation
QP093A-0164,bound_composite_rows,2+4+4,3,2,1,negative,1296,1296.109375000000000000000000000000000000000000000000000000000000000000000000000000000000000000000000,True,1.3333333333333333333333333333333333333333333333333333333333333333333333333333333,1.0000843942901234567901234567901234567901234567901234567901234567901234567901235,0.33322081710889561307277790502826970138997721546455136164723752576822461453147030,systematic_miss,derivation
QP093A-0165,bound_composite_rows,2+4+6,3,2,2,negative,2016,2856.000000000000000000000000000000000000000000000000000000000000000000000000000000000000000000000000,True,1.4166666666666666666666666666666666666666666666666666666666666666666666666666667,1.4166666666666666666666666666666666666666666666666666666666666666666666666666667,0,exact_match,derivation
QP093A-0166,bound_composite_rows,2+4+8,3,2,0,neutral,3024,3022.140625,True,1.25,0.99938512731481481481481481481481481481481481481481481481481481481481481481481481,0.25076906373276392457746733741087908508559226955231442944518837537548405776121024,systematic_miss,extension
QP093A-0167,bound_composite_rows,2+4+9,3,2,2,negative,3636,5151.000000000000000000000000000000000000000000000000000000000000000000000000000000000000000000000000,True,1.4166666666666666666666666666666666666666666666666666666666666666666666666666667,1.4166666666666666666666666666666666666666666666666666666666666666666666666666667,0,exact_match,derivation
QP093A-0168,bound_composite_rows,2+4+12,3,2,2,negative,5904,8364.000000000000000000000000000000000000000000000000000000000000000000000000000000000000000000000000,True,1.4166666666666666666666666666666666666666666666666666666666666666666666666666667,1.4166666666666666666666666666666666666666666666666666666666666666666666666666667,0,exact_match,derivation
QP093A-0169,bound_composite_rows,2+6+6,3,2,4,negative,2736,2736.626736111111111111111111111111111111111111111111111111111111111111111111111111111111111111111111,True,1.5833333333333333333333333333333333333333333333333333333333333333333333333333333,1.0002290702160493827160493827160493827160493827160493827160493827160493827160494,0.58297072188807058568277424876149608861781758133143690560852428190880271928450026,systematic_miss,derivation
QP093A-0170,bound_composite_rows,2+6+8,3,2,2,negative,3744,3744.496527777777777777777777777777777777777777777777777777777777777777777777777777777777777777777778,True,1.4166666666666666666666666666666666666666666666666666666666666666666666666666667,1.0001326195987654320987654320987654320987654320987654320987654320987654320987654,0.41647881381471882345850159725152190946898921101802181905852570670845639201976983,systematic_miss,derivation
QP093A-0171,bound_composite_rows,2+6+9,3,2,4,negative,4356,4356.997829861111111111111111111111111111111111111111111111111111111111111111111111111111111111111111,True,1.5833333333333333333333333333333333333333333333333333333333333333333333333333333,1.0002290702160493827160493827160493827160493827160493827160493827160493827160494,0.58297072188807058568277424876149608861781758133143690560852428190880271928450026,systematic_miss,derivation
QP093A-0172,bound_composite_rows,2+6+12,3,2,4,negative,6624,6625.517361111111111111111111111111111111111111111111111111111111111111111111111111111111111111111111,True,1.5833333333333333333333333333333333333333333333333333333333333333333333333333333,1.0002290702160493827160493827160493827160493827160493827160493827160493827160494,0.58297072188807058568277424876149608861781758133143690560852428190880271928450026,systematic_miss,derivation
QP093A-0173,bound_composite_rows,2+8+8,3,2,4,negative,4752,7524.000000000000000000000000000000000000000000000000000000000000000000000000000000000000000000000000,True,1.5833333333333333333333333333333333333333333333333333333333333333333333333333333,1.5833333333333333333333333333333333333333333333333333333333333333333333333333333,0,exact_match,derivation
QP093A-0174,bound_composite_rows,2+8+9,3,2,6,negative,5364,5365.746093750000000000000000000000000000000000000000000000000000000000000000000000000000000000000000,True,1.75,1.0003255208333333333333333333333333333333333333333333333333333333333333333333333,0.74943052391799544419134396355353075170842824601366742596810933940774487471526202,systematic_miss,extension
QP093A-0175,bound_composite_rows,2+8+12,3,2,6,negative,7632,7634.484375000000000000000000000000000000000000000000000000000000000000000000000000000000000000000000,True,1.75,1.0003255208333333333333333333333333333333333333333333333333333333333333333333333,0.74943052391799544419134396355353075170842824601366742596810933940774487471526202,systematic_miss,extension
QP093A-0176,bound_composite_rows,2+9+9,3,2,7,negative,5976,5978.233506944444444444444444444444444444444444444444444444444444444444444444444444444444444444444444,True,1.8333333333333333333333333333333333333333333333333333333333333333333333333333333,1.0003737461419753086419753086419753086419753086419753086419753086419753086419753,0.83264838806869539017776438686351310635733654715275685447423922868333835492618257,systematic_miss,extension
QP093A-0177,bound_composite_rows,2+9+12,3,2,7,negative,8244,8247.081163194444444444444444444444444444444444444444444444444444444444444444444444444444444444444444,True,1.8333333333333333333333333333333333333333333333333333333333333333333333333333333,1.0003737461419753086419753086419753086419753086419753086419753086419753086419753,0.83264838806869539017776438686351310635733654715275685447423922868333835492618257,systematic_miss,extension
QP093A-0178,bound_composite_rows,2+12+12,3,2,10,negative,10512,10517.44965277777777777777777777777777777777777777777777777777777777777777777777777777777777777777778,True,2.0833333333333333333333333333333333333333333333333333333333333333333333333333333,1.0005184220679012345679012345679012345679012345679012345679012345679012345679012,1.0822538469880824707484304770626724667719040331618205261064986082157446347018208,systematic_miss,extension
QP093A-0179,bound_composite_rows,3+3+3,3,2,0,neutral,972,-243.00,True,1.25,-0.25,6,systematic_miss,extension
QP093A-0180,bound_composite_rows,3+3+4,3,2,1,positive,1224,1223.896701388888888888888888888888888888888888888888888888888888888888888888888888888888888888888889,True,1.3333333333333333333333333333333333333333333333333333333333333333333333333333333,0.99991560570987654320987654320987654320987654320987654320987654320987654320987654,0.33344586855082773671582044202225785837442878329334313997371498848523578137622530,systematic_miss,derivation
QP093A-0181,bound_composite_rows,3+3+6,3,2,0,neutral,1944,-486.00,True,1.25,-0.25,6,systematic_miss,extension
QP093A-0182,bound_composite_rows,3+3+8,3,2,2,positive,2952,2951.608506944444444444444444444444444444444444444444444444444444444444444444444444444444444444444444,True,1.4166666666666666666666666666666666666666666666666666666666666666666666666666667,0.99986738040123456790123456790123456790123456790123456790123456790123456790123457,0.41685456935116298698949754621200245981696067910240796787768439583760384889006792,systematic_miss,derivation
QP093A-0183,bound_composite_rows,3+3+9,3,2,0,neutral,3564,-891.00,True,1.25,-0.25,6,systematic_miss,extension
QP093A-0184,bound_composite_rows,3+3+12,3,2,0,neutral,5832,-1458.00,True,1.25,-0.25,6,systematic_miss,extension
QP093A-0185,bound_composite_rows,3+4+4,3,2,0,neutral,1476,1475.092447916666666666666666666666666666666666666666666666666666666666666666666666666666666666666667,True,1.25,0.99938512731481481481481481481481481481481481481481481481481481481481481481481481,0.25076906373276392457746733741087908508559226955231442944518837537548405776121024,systematic_miss,extension
QP093A-0186,bound_composite_rows,3+4+6,3,2,1,negative,2196,2196.185329861111111111111111111111111111111111111111111111111111111111111111111111111111111111111111,True,1.3333333333333333333333333333333333333333333333333333333333333333333333333333333,1.0000843942901234567901234567901234567901234567901234567901234567901234567901235,0.33322081710889561307277790502826970138997721546455136164723752576822461453147030,systematic_miss,derivation
QP093A-0187,bound_composite_rows,3+4+8,3,2,1,positive,3204,2136.000000000000000000000000000000000000000000000000000000000000000000000000000000000000000000000000,True,1.3333333333333333333333333333333333333333333333333333333333333333333333333333333,0.66666666666666666666666666666666666666666666666666666666666666666666666666666667,0.99999999999999999999999999999999999999999999999999999999999999999999999999999994,systematic_miss,derivation
QP093A-0188,bound_composite_rows,3+4+9,3,2,1,negative,3816,3816.322048611111111111111111111111111111111111111111111111111111111111111111111111111111111111111111,True,1.3333333333333333333333333333333333333333333333333333333333333333333333333333333,1.0000843942901234567901234567901234567901234567901234567901234567901234567901235,0.33322081710889561307277790502826970138997721546455136164723752576822461453147030,systematic_miss,derivation
QP093A-0189,bound_composite_rows,3+4+12,3,2,1,negative,6084,6084.513454861111111111111111111111111111111111111111111111111111111111111111111111111111111111111111,True,1.3333333333333333333333333333333333333333333333333333333333333333333333333333333,1.0000843942901234567901234567901234567901234567901234567901234567901234567901235,0.33322081710889561307277790502826970138997721546455136164723752576822461453147030,systematic_miss,derivation
QP093A-0190,bound_composite_rows,3+6+6,3,2,3,negative,2916,4374.00,True,1.5,1.50,0,exact_match,derivation
QP093A-0191,bound_composite_rows,3+6+8,3,2,1,negative,3924,3924.331163194444444444444444444444444444444444444444444444444444444444444444444444444444444444444444,True,1.3333333333333333333333333333333333333333333333333333333333333333333333333333333,1.0000843942901234567901234567901234567901234567901234567901234567901234567901235,0.33322081710889561307277790502826970138997721546455136164723752576822461453147030,systematic_miss,derivation
QP093A-0192,bound_composite_rows,3+6+9,3,2,3,negative,4536,6804.00,True,1.5,1.50,0,exact_match,derivation
QP093A-0193,bound_composite_rows,3+6+12,3,2,3,negative,6804,10206.00,True,1.5,1.50,0,exact_match,derivation
QP093A-0194,bound_composite_rows,3+8+8,3,2,3,negative,4932,4932.891927083333333333333333333333333333333333333333333333333333333333333333333333333333333333333333,True,1.5,1.0001808449074074074074074074074074074074074074074074074074074074074074074074074,0.49972878168733952916500922142263045600838968647163056449571475065996456080714571,systematic_miss,derivation
QP093A-0195,bound_composite_rows,3+8+9,3,2,5,negative,5544,5545.537326388888888888888888888888888888888888888888888888888888888888888888888888888888888888888889,True,1.6666666666666666666666666666666666666666666666666666666666666666666666666666667,1.0002772955246913580246913580246913580246913580246913580246913580246913580246914,0.66620463557800089192088420697385707570479829329733508503380862270541299552834256,systematic_miss,extension
QP093A-0196,bound_composite_rows,3+8+12,3,2,5,negative,7812,7814.166232638888888888888888888888888888888888888888888888888888888888888888888888888888888888888889,True,1.6666666666666666666666666666666666666666666666666666666666666666666666666666667,1.0002772955246913580246913580246913580246913580246913580246913580246913580246914,0.66620463557800089192088420697385707570479829329733508503380862270541299552834256,systematic_miss,extension
QP093A-0197,bound_composite_rows,3+9+9,3,2,6,negative,6156,10773.00,True,1.75,1.75,0,exact_match,extension
QP093A-0198,bound_composite_rows,3+9+12,3,2,6,negative,8424,14742.00,True,1.75,1.75,0,exact_match,extension
QP093A-0199,bound_composite_rows,3+12+12,3,2,9,negative,10692,21384.00,True,2,2.00,0,exact_match,extension
QP093A-0200,bound_composite_rows,4+4+4,3,2,1,positive,1728,1152.000000000000000000000000000000000000000000000000000000000000000000000000000000000000000000000000,True,1.3333333333333333333333333333333333333333333333333333333333333333333333333333333,0.66666666666666666666666666666666666666666666666666666666666666666666666666666667,0.99999999999999999999999999999999999999999999999999999999999999999999999999999994,systematic_miss,derivation
QP093A-0201,bound_composite_rows,4+4+6,3,2,0,neutral,2448,2446.494791666666666666666666666666666666666666666666666666666666666666666666666666666666666666666667,True,1.25,0.99938512731481481481481481481481481481481481481481481481481481481481481481481481,0.25076906373276392457746733741087908508559226955231442944518837537548405776121024,systematic_miss,extension
QP093A-0202,bound_composite_rows,4+4+8,3,2,2,positive,3456,3455.541666666666666666666666666666666666666666666666666666666666666666666666666666666666666666666667,True,1.4166666666666666666666666666666666666666666666666666666666666666666666666666667,0.99986738040123456790123456790123456790123456790123456790123456790123456790123457,0.41685456935116298698949754621200245981696067910240796787768439583760384889006792,systematic_miss,derivation
QP093A-0203,bound_composite_rows,4+4+9,3,2,0,neutral,4068,4065.498697916666666666666666666666666666666666666666666666666666666666666666666666666666666666666667,True,1.25,0.99938512731481481481481481481481481481481481481481481481481481481481481481481481,0.25076906373276392457746733741087908508559226955231442944518837537548405776121024,systematic_miss,extension
QP093A-0204,bound_composite_rows,4+4+12,3,2,0,neutral,6336,6332.104166666666666666666666666666666666666666666666666666666666666666666666666666666666666666666667,True,1.25,0.99938512731481481481481481481481481481481481481481481481481481481481481481481481,0.25076906373276392457746733741087908508559226955231442944518837537548405776121024,systematic_miss,extension
QP093A-0205,bound_composite_rows,4+6+6,3,2,2,negative,3168,3168.420138888888888888888888888888888888888888888888888888888888888888888888888888888888888888888889,True,1.4166666666666666666666666666666666666666666666666666666666666666666666666666667,1.0001326195987654320987654320987654320987654320987654320987654320987654320987654,0.41647881381471882345850159725152190946898921101802181905852570670845639201976983,systematic_miss,derivation
QP093A-0206,bound_composite_rows,4+6+8,3,2,0,neutral,4176,-1044.00,True,1.25,-0.25,6,systematic_miss,extension
QP093A-0207,bound_composite_rows,4+6+9,3,2,2,negative,4788,4788.634982638888888888888888888888888888888888888888888888888888888888888888888888888888888888888889,True,1.4166666666666666666666666666666666666666666666666666666666666666666666666666667,1.0001326195987654320987654320987654320987654320987654320987654320987654320987654,0.41647881381471882345850159725152190946898921101802181905852570670845639201976983,systematic_miss,derivation
QP093A-0208,bound_composite_rows,4+6+12,3,2,2,negative,7056,7056.935763888888888888888888888888888888888888888888888888888888888888888888888888888888888888888889,True,1.4166666666666666666666666666666666666666666666666666666666666666666666666666667,1.0001326195987654320987654320987654320987654320987654320987654320987654320987654,0.41647881381471882345850159725152190946898921101802181905852570670845639201976983,systematic_miss,derivation
QP093A-0209,bound_composite_rows,4+8+8,3,2,2,negative,5184,5184.687500000000000000000000000000000000000000000000000000000000000000000000000000000000000000000000,True,1.4166666666666666666666666666666666666666666666666666666666666666666666666666667,1.0001326195987654320987654320987654320987654320987654320987654320987654320987654,0.41647881381471882345850159725152190946898921101802181905852570670845639201976983,systematic_miss,derivation
QP093A-0210,bound_composite_rows,4+8+9,3,2,4,negative,5796,9177.000000000000000000000000000000000000000000000000000000000000000000000000000000000000000000000000,True,1.5833333333333333333333333333333333333333333333333333333333333333333333333333333,1.5833333333333333333333333333333333333333333333333333333333333333333333333333333,0,exact_match,derivation
QP093A-0211,bound_composite_rows,4+8+12,3,2,4,negative,8064,12768.00000000000000000000000000000000000000000000000000000000000000000000000000000000000000000000000,True,1.5833333333333333333333333333333333333333333333333333333333333333333333333333333,1.5833333333333333333333333333333333333333333333333333333333333333333333333333333,0,exact_match,derivation
QP093A-0212,bound_composite_rows,4+9+9,3,2,5,negative,6408,6409.776909722222222222222222222222222222222222222222222222222222222222222222222222222222222222222222,True,1.6666666666666666666666666666666666666666666666666666666666666666666666666666667,1.0002772955246913580246913580246913580246913580246913580246913580246913580246914,0.66620463557800089192088420697385707570479829329733508503380862270541299552834256,systematic_miss,extension
QP093A-0213,bound_composite_rows,4+9+12,3,2,5,negative,8676,8678.405815972222222222222222222222222222222222222222222222222222222222222222222222222222222222222222,True,1.6666666666666666666666666666666666666666666666666666666666666666666666666666667,1.0002772955246913580246913580246913580246913580246913580246913580246913580246914,0.66620463557800089192088420697385707570479829329733508503380862270541299552834256,systematic_miss,extension
QP093A-0214,bound_composite_rows,4+12+12,3,2,8,negative,10944,10948.61805555555555555555555555555555555555555555555555555555555555555555555555555555555555555555556,True,1.9166666666666666666666666666666666666666666666666666666666666666666666666666667,1.0004219714506172839506172839506172839506172839506172839506172839506172839506173,0.91585822919051808288844165391243567649646296050808035768085901252124031381433857,systematic_miss,extension
QP093A-0215,bound_composite_rows,6+6+6,3,2,0,neutral,3888,-972.00,True,1.25,-0.25,6,systematic_miss,extension
QP093A-0216,bound_composite_rows,6+6+8,3,2,2,positive,4896,4895.350694444444444444444444444444444444444444444444444444444444444444444444444444444444444444444444,True,1.4166666666666666666666666666666666666666666666666666666666666666666666666666667,0.99986738040123456790123456790123456790123456790123456790123456790123456790123457,0.41685456935116298698949754621200245981696067910240796787768439583760384889006792,systematic_miss,derivation
QP093A-0217,bound_composite_rows,6+6+9,3,2,0,neutral,5508,-1377.00,True,1.25,-0.25,6,systematic_miss,extension
QP093A-0218,bound_composite_rows,6+6+12,3,2,0,neutral,7776,-1944.00,True,1.25,-0.25,6,systematic_miss,extension
QP093A-0219,bound_composite_rows,6+8+8,3,2,0,neutral,5904,5900.369791666666666666666666666666666666666666666666666666666666666666666666666666666666666666666667,True,1.25,0.99938512731481481481481481481481481481481481481481481481481481481481481481481481,0.25076906373276392457746733741087908508559226955231442944518837537548405776121024,systematic_miss,extension
QP093A-0220,bound_composite_rows,6+8+9,3,2,2,negative,6516,6516.864149305555555555555555555555555555555555555555555555555555555555555555555555555555555555555556,True,1.4166666666666666666666666666666666666666666666666666666666666666666666666666667,1.0001326195987654320987654320987654320987654320987654320987654320987654320987654,0.41647881381471882345850159725152190946898921101802181905852570670845639201976983,systematic_miss,derivation
QP093A-0221,bound_composite_rows,6+8+12,3,2,2,negative,8784,8785.164930555555555555555555555555555555555555555555555555555555555555555555555555555555555555555556,True,1.4166666666666666666666666666666666666666666666666666666666666666666666666666667,1.0001326195987654320987654320987654320987654320987654320987654320987654320987654,0.41647881381471882345850159725152190946898921101802181905852570670845639201976983,systematic_miss,derivation
QP093A-0222,bound_composite_rows,6+9+9,3,2,3,negative,7128,10692.00,True,1.5,1.50,0,exact_match,derivation
QP093A-0223,bound_composite_rows,6+9+12,3,2,3,negative,9396,14094.00,True,1.5,1.50,0,exact_match,derivation
QP093A-0224,bound_composite_rows,6+12+12,3,2,6,negative,11664,20412.00,True,1.75,1.75,0,exact_match,extension
QP093A-0225,bound_composite_rows,8+8+8,3,2,2,positive,6912,4032.000000000000000000000000000000000000000000000000000000000000000000000000000000000000000000000000,True,1.4166666666666666666666666666666666666666666666666666666666666666666666666666667,0.58333333333333333333333333333333333333333333333333333333333333333333333333333333,1.4285714285714285714285714285714285714285714285714285714285714285714285714285715,systematic_miss,derivation
QP093A-0226,bound_composite_rows,8+8+9,3,2,0,neutral,7524,7519.373697916666666666666666666666666666666666666666666666666666666666666666666666666666666666666667,True,1.25,0.99938512731481481481481481481481481481481481481481481481481481481481481481481481,0.25076906373276392457746733741087908508559226955231442944518837537548405776121024,systematic_miss,extension
QP093A-0227,bound_composite_rows,8+8+12,3,2,0,neutral,9792,9785.979166666666666666666666666666666666666666666666666666666666666666666666666666666666666666666667,True,1.25,0.99938512731481481481481481481481481481481481481481481481481481481481481481481481,0.25076906373276392457746733741087908508559226955231442944518837537548405776121024,systematic_miss,extension
QP093A-0228,bound_composite_rows,8+9+9,3,2,1,negative,8136,8136.686631944444444444444444444444444444444444444444444444444444444444444444444444444444444444444444,True,1.3333333333333333333333333333333333333333333333333333333333333333333333333333333,1.0000843942901234567901234567901234567901234567901234567901234567901234567901235,0.33322081710889561307277790502826970138997721546455136164723752576822461453147030,systematic_miss,derivation
QP093A-0229,bound_composite_rows,8+9+12,3,2,1,negative,10404,10404.87803819444444444444444444444444444444444444444444444444444444444444444444444444444444444444444,True,1.3333333333333333333333333333333333333333333333333333333333333333333333333333333,1.0000843942901234567901234567901234567901234567901234567901234567901234567901235,0.33322081710889561307277790502826970138997721546455136164723752576822461453147030,systematic_miss,derivation
QP093A-0230,bound_composite_rows,8+12+12,3,2,4,negative,12672,12674.90277777777777777777777777777777777777777777777777777777777777777777777777777777777777777777778,True,1.5833333333333333333333333333333333333333333333333333333333333333333333333333333,1.0002290702160493827160493827160493827160493827160493827160493827160493827160494,0.58297072188807058568277424876149608861781758133143690560852428190880271928450026,systematic_miss,derivation
QP093A-0231,bound_composite_rows,9+9+9,3,2,0,neutral,8748,-2187.00,True,1.25,-0.25,6,systematic_miss,extension
QP093A-0232,bound_composite_rows,9+9+12,3,2,0,neutral,11016,-2754.00,True,1.25,-0.25,6,systematic_miss,extension
QP093A-0233,bound_composite_rows,9+12+12,3,2,3,negative,13284,19926.00,True,1.5,1.50,0,exact_match,derivation
QP093A-0234,bound_composite_rows,12+12+12,3,2,0,neutral,15552,-3888.00,True,1.25,-0.25,6,systematic_miss,extension
QP093A-0235,bound_composite_rows,1+1,2,1,0,neutral,12,10.75,True,1,0.89583333333333333333333333333333333333333333333333333333333333333333333333333333,0.11627906976744186046511627906976744186046511627906976744186046511627906976744186,systematic_miss,extension
QP093A-0236,bound_composite_rows,1+2,2,1,1,negative,27,27.00520833333333333333333333333333333333333333333333333333333333333333333333333333333333333333333333,True,1,1.0001929012345679012345679012345679012345679012345679012345679012345679012345679,0.00019286403085824493731918997107039537126325940212150433944069431051108968177434785,approximate_match,extension
QP093A-0237,bound_composite_rows,1+3,2,1,2,negative,42,42.01012731481481481481481481481481481481481481481481481481481481481481481481481481481481481481481481,True,1,1.0002411265432098765432098765432098765432098765432098765432098765432098765432099,0.00024106841521623836844896581649872233739935393664722048117255677161178342413579318,approximate_match,extension
QP093A-0238,bound_composite_rows,1+4,2,1,3,negative,57,57.01649305555555555555555555555555555555555555555555555555555555555555555555555555555555555555555556,True,1,1.0002893518518518518518518518518518518518518518518518518518518518518518518518519,0.00028926815157651142609198727220133063349725195256002314145212612091408735898182423,approximate_match,extension
QP093A-0239,bound_composite_rows,1+6,2,1,5,negative,87,87.03356481481481481481481481481481481481481481481481481481481481481481481481481481481481481481481481,True,1,1.0003858024691358024691358024691358024691358024691358024691358024691358024691358,0.00038565368299267258002313922097956035480138835325877362128808330119552641727728253,approximate_match,extension
QP093A-0240,bound_composite_rows,1+8,2,1,7,negative,117,117.0564236111111111111111111111111111111111111111111111111111111111111111111111111111111111111111111,True,1,1.0004822530864197530864197530864197530864197530864197530864197530864197530864198,0.00048202063048298467174395064108743854236961341945435264629326135158584787428906644,approximate_match,extension
QP093A-0241,bound_composite_rows,1+9,2,1,8,negative,132,132.0557002314814814814814814814814814814814814814814814814814814814814814814814814814814814814814815,True,1,1.0004219714506172839506172839506172839506172839506172839506172839506172839506173,0.00042179346581665240603044143699008182793236843056676990563877607587461887947554599,approximate_match,extension
QP093A-0242,unstable_resonance_rows,1+12,2,1,11,negative,177,177.1002965856481481481481481481481481481481481481481481481481481481481481481481481481481481481481481,True,1,1.0005666473765432098765432098765432098765432098765432098765432098765432098765432,0.00056632646913520743213119494884987528768179682134207323685700859129303177452975842,approximate_match,extension
QP093A-0243,bound_composite_rows,2+1,2,1,1,positive,27,26.99479166666666666666666666666666666666666666666666666666666666666666666666666666666666666666666667,True,1,0.99980709876543209876543209876543209876543209876543209876543209876543209876543210,0.00019293845263360987844877484082577657727185027976075631873432375072351919737603581,approximate_match,extension
QP093A-0244,bound_composite_rows,2+2,2,1,0,neutral,48,43.00,True,1,0.89583333333333333333333333333333333333333333333333333333333333333333333333333333,0.11627906976744186046511627906976744186046511627906976744186046511627906976744186,systematic_miss,extension
QP093A-0245,bound_composite_rows,2+3,2,1,1,negative,75,75.01446759259259259259259259259259259259259259259259259259259259259259259259259259259259259259259259,True,1,1.0001929012345679012345679012345679012345679012345679012345679012345679012345679,0.00019286403085824493731918997107039537126325940212150433944069431051108968177434785,approximate_match,extension
QP093A-0246,bound_composite_rows,2+4,2,1,2,negative,102,102.0245949074074074074074074074074074074074074074074074074074074074074074074074074074074074074074074,True,1,1.0002411265432098765432098765432098765432098765432098765432098765432098765432099,0.00024106841521623836844896581649872233739935393664722048117255677161178342413579318,approximate_match,extension
QP093A-0247,bound_composite_rows,2+6,2,1,4,negative,156,156.0526620370370370370370370370370370370370370370370370370370370370370370370370370370370370370370370,True,1,1.0003375771604938271604938271604938271604938271604938271604938271604938271604938,0.00033746324061129055585016632116858699320252615340114737501807838788989056549194605,approximate_match,extension
QP093A-0248,bound_composite_rows,2+8,2,1,6,negative,210,210.0911458333333333333333333333333333333333333333333333333333333333333333333333333333333333333333333,True,1,1.0004340277777777777777777777777777777777777777777777777777777777777777777777778,0.00043383947939262472885032537960954446854663774403470715835140997830802603036878576,approximate_match,extension
QP093A-0249,bound_composite_rows,2+9,2,1,7,negative,237,237.0885778356481481481481481481481481481481481481481481481481481481481481481481481481481481481481481,True,1,1.0003737461419753086419753086419753086419753086419753086419753086419753086419753,0.00037360650798433263031033443808376016872551973485989755950587526363362458571858130,approximate_match,extension
QP093A-0250,unstable_resonance_rows,2+12,2,1,10,negative,318,318.1648582175925925925925925925925925925925925925925925925925925925925925925925925925925925925925926,True,1,1.0005184220679012345679012345679012345679012345679012345679012345679012345679012,0.00051815344572041404075337100991721594948606408232614746888066805644257534312599726,approximate_match,extension
QP093A-0251,bound_composite_rows,3+1,2,1,2,positive,42,41.98987268518518518518518518518518518518518518518518518518518518518518518518518518518518518518518519,True,1,0.99975887345679012345679012345679012345679012345679012345679012345679012345679012,0.00024118469924268004437798466065312816554917756017558246104867107230717283295548076,approximate_match,extension
QP093A-0252,bound_composite_rows,3+2,2,1,1,positive,75,74.98553240740740740740740740740740740740740740740740740740740740740740740740740740740740740740740741,True,1,0.99980709876543209876543209876543209876543209876543209876543209876543209876543210,0.00019293845263360987844877484082577657727185027976075631873432375072351919737603581,approximate_match,extension
QP093A-0253,bound_composite_rows,3+3,2,1,0,neutral,108,96.75,True,1,0.89583333333333333333333333333333333333333333333333333333333333333333333333333333,0.11627906976744186046511627906976744186046511627906976744186046511627906976744186,systematic_miss,extension
QP093A-0254,bound_composite_rows,3+4,2,1,1,negative,147,147.0283564814814814814814814814814814814814814814814814814814814814814814814814814814814814814814815,True,1,1.0001929012345679012345679012345679012345679012345679012345679012345679012345679,0.00019286403085824493731918997107039537126325940212150433944069431051108968177434785,approximate_match,extension
QP093A-0255,bound_composite_rows,3+6,2,1,3,negative,225,225.0651041666666666666666666666666666666666666666666666666666666666666666666666666666666666666666667,True,1,1.0002893518518518518518518518518518518518518518518518518518518518518518518518519,0.00028926815157651142609198727220133063349725195256002314145212612091408735898182423,approximate_match,extension
QP093A-0256,bound_composite_rows,3+8,2,1,5,negative,303,303.1168981481481481481481481481481481481481481481481481481481481481481481481481481481481481481481481,True,1,1.0003858024691358024691358024691358024691358024691358024691358024691358024691358,0.00038565368299267258002313922097956035480138835325877362128808330119552641727728253,approximate_match,extension
QP093A-0257,bound_composite_rows,3+9,2,1,6,negative,342,342.1113281250000000000000000000000000000000000000000000000000000000000000000000000000000000000000000,True,1,1.0003255208333333333333333333333333333333333333333333333333333333333333333333333,0.00032541490400260331923202082655385616661243084933289944679466319557435730556456155,approximate_match,extension
QP093A-0258,unstable_resonance_rows,3+12,2,1,9,negative,459,459.2158203125,True,1,1.0004701967592592592592592592592592592592592592592592592592592592592592592592593,0.00046997577817143270308376414446332381331116011713242471349553523010737138932074494,approximate_match,extension
QP093A-0259,bound_composite_rows,4+1,2,1,3,positive,57,56.98350694444444444444444444444444444444444444444444444444444444444444444444444444444444444444444444,True,1,0.99971064814814814814814814814814814814814814814814814814814814814814814814814815,0.00028943560057887120115774240231548480463096960926193921852387843704775687409551190,approximate_match,extension
QP093A-0260,bound_composite_rows,4+2,2,1,2,positive,102,101.9754050925925925925925925925925925925925925925925925925925925925925925925925925925925925925925926,True,1,0.99975887345679012345679012345679012345679012345679012345679012345679012345679012,0.00024118469924268004437798466065312816554917756017558246104867107230717283295548076,approximate_match,extension
QP093A-0261,bound_composite_rows,4+3,2,1,1,positive,147,146.9716435185185185185185185185185185185185185185185185185185185185185185185185185185185185185185185,True,1,0.99980709876543209876543209876543209876543209876543209876543209876543209876543210,0.00019293845263360987844877484082577657727185027976075631873432375072351919737603581,approximate_match,extension
QP093A-0262,bound_composite_rows,4+4,2,1,0,neutral,192,172.00,True,1,0.89583333333333333333333333333333333333333333333333333333333333333333333333333333,0.11627906976744186046511627906976744186046511627906976744186046511627906976744186,systematic_miss,extension
QP093A-0263,bound_composite_rows,4+6,2,1,2,negative,294,294.0708912037037037037037037037037037037037037037037037037037037037037037037037037037037037037037037,True,1,1.0002411265432098765432098765432098765432098765432098765432098765432098765432099,0.00024106841521623836844896581649872233739935393664722048117255677161178342413579318,approximate_match,extension
QP093A-0264,bound_composite_rows,4+8,2,1,4,negative,396,396.1336805555555555555555555555555555555555555555555555555555555555555555555555555555555555555555556,True,1,1.0003375771604938271604938271604938271604938271604938271604938271604938271604938,0.00033746324061129055585016632116858699320252615340114737501807838788989056549194605,approximate_match,extension
QP093A-0265,bound_composite_rows,4+9,2,1,5,negative,447,447.1239510995370370370370370370370370370370370370370370370370370370370370370370370370370370370370370,True,1,1.0002772955246913580246913580246913580246913580246913580246913580246913580246914,0.00027721865319946484746947581568575457712102402159894897971482637675220268299448553,approximate_match,extension
QP093A-0266,unstable_resonance_rows,4+12,2,1,8,negative,600,600.2531828703703703703703703703703703703703703703703703703703703703703703703703703703703703703703704,True,1,1.0004219714506172839506172839506172839506172839506172839506172839506172839506173,0.00042179346581665240603044143699008182793236843056676990563877607587461887947554599,approximate_match,extension
QP093A-0267,bound_composite_rows,6+1,2,1,5,positive,87,86.96643518518518518518518518518518518518518518518518518518518518518518518518518518518518518518518519,True,1,0.99961419753086419753086419753086419753086419753086419753086419753086419753086420,0.00038595137012736395214203010420686993438826707834812813585488228483211115399459421,approximate_match,extension
QP093A-0268,bound_composite_rows,6+2,2,1,4,positive,156,155.9473379629629629629629629629629629629629629629629629629629629629629629629629629629629629629629630,True,1,0.99966242283950617283950617283950617283950617283950617283950617283950617283950617,0.00033769115731583771527811278884654348979690288967147474552559216556515027256500839,approximate_match,extension
QP093A-0269,bound_composite_rows,6+3,2,1,3,positive,225,224.9348958333333333333333333333333333333333333333333333333333333333333333333333333333333333333333333,True,1,0.99971064814814814814814814814814814814814814814814814814814814814814814814814815,0.00028943560057887120115774240231548480463096960926193921852387843704775687409551190,approximate_match,extension
QP093A-0270,bound_composite_rows,6+4,2,1,2,positive,294,293.9291087962962962962962962962962962962962962962962962962962962962962962962962962962962962962962963,True,1,0.99975887345679012345679012345679012345679012345679012345679012345679012345679012,0.00024118469924268004437798466065312816554917756017558246104867107230717283295548076,approximate_match,extension
QP093A-0271,bound_composite_rows,6+6,2,1,0,neutral,432,387.00,True,1,0.89583333333333333333333333333333333333333333333333333333333333333333333333333333,0.11627906976744186046511627906976744186046511627906976744186046511627906976744186,systematic_miss,extension
QP093A-0272,bound_composite_rows,6+8,2,1,2,negative,582,582.1403356481481481481481481481481481481481481481481481481481481481481481481481481481481481481481481,True,1,1.0002411265432098765432098765432098765432098765432098765432098765432098765432099,0.00024106841521623836844896581649872233739935393664722048117255677161178342413579318,approximate_match,extension
QP093A-0273,bound_composite_rows,6+9,2,1,3,negative,657,657.1188151041666666666666666666666666666666666666666666666666666666666666666666666666666666666666667,True,1,1.0001808449074074074074074074074074074074074074074074074074074074074074074074074,0.00018081220844031388999385238491302932774020901891295700285683289335695946190286028,approximate_match,extension
QP093A-0274,unstable_resonance_rows,6+12,2,1,6,negative,882,882.2871093750000000000000000000000000000000000000000000000000000000000000000000000000000000000000000,True,1,1.0003255208333333333333333333333333333333333333333333333333333333333333333333333,0.00032541490400260331923202082655385616661243084933289944679466319557435730556456155,approximate_match,extension
QP093A-0275,bound_composite_rows,8+1,2,1,7,positive,117,116.9435763888888888888888888888888888888888888888888888888888888888888888888888888888888888888888889,True,1,0.99951774691358024691358024691358024691358024691358024691358024691358024691358025,0.00048248576666988323844446588825629643925504197626170027984174466853227829779021210,approximate_match,extension
QP093A-0276,bound_composite_rows,8+2,2,1,6,positive,210,209.9088541666666666666666666666666666666666666666666666666666666666666666666666666666666666666666667,True,1,0.99956597222222222222222222222222222222222222222222222222222222222222222222222222,0.00043421623968736430742509769865392965696917064698219713417281806339557099435519111,approximate_match,extension
QP093A-0277,bound_composite_rows,8+3,2,1,5,positive,303,302.8831018518518518518518518518518518518518518518518518518518518518518518518518518518518518518518519,True,1,0.99961419753086419753086419753086419753086419753086419753086419753086419753086420,0.00038595137012736395214203010420686993438826707834812813585488228483211115399459421,approximate_match,extension
QP093A-0278,bound_composite_rows,8+4,2,1,4,positive,396,395.8663194444444444444444444444444444444444444444444444444444444444444444444444444444444444444444444,True,1,0.99966242283950617283950617283950617283950617283950617283950617283950617283950617,0.00033769115731583771527811278884654348979690288967147474552559216556515027256500839,approximate_match,extension
QP093A-0279,bound_composite_rows,8+6,2,1,2,positive,582,581.8596643518518518518518518518518518518518518518518518518518518518518518518518518518518518518518519,True,1,0.99975887345679012345679012345679012345679012345679012345679012345679012345679012,0.00024118469924268004437798466065312816554917756017558246104867107230717283295548076,approximate_match,extension
QP093A-0280,bound_composite_rows,8+8,2,1,0,neutral,768,688.00,True,1,0.89583333333333333333333333333333333333333333333333333333333333333333333333333333,0.11627906976744186046511627906976744186046511627906976744186046511627906976744186,systematic_miss,extension
QP093A-0281,bound_composite_rows,8+9,2,1,1,negative,867,867.0731698495370370370370370370370370370370370370370370370370370370370370370370370370370370370370370,True,1,1.0000843942901234567901234567901234567901234567901234567901234567901234567901235,0.000084387168328290195416571228797723957517088401586478764571855673831539101397253604,close_match,extension
QP093A-0282,unstable_resonance_rows,8+12,2,1,4,negative,1164,1164.266637731481481481481481481481481481481481481481481481481481481481481481481481481481481481481481,True,1,1.0002290702160493827160493827160493827160493827160493827160493827160493827160494,0.00022901775490278798982679025589720718874679073803984908935308511022986150452613133,approximate_match,extension
QP093A-0283,bound_composite_rows,9+1,2,1,8,positive,132,131.9442997685185185185185185185185185185185185185185185185185185185185185185185185185185185185185185,True,1,0.99957802854938271604938271604938271604938271604938271604938271604938271604938272,0.00042214958569033518677103812613829620427215380718619209012290583651955758723419257,approximate_match,extension
QP093A-0284,bound_composite_rows,9+2,2,1,7,positive,237,236.9114221643518518518518518518518518518518518518518518518518518518518518518518518518518518518518519,True,1,0.99962625385802469135802469135802469135802469135802469135802469135802469135802469,0.00037388588038063994789719344373017500271368784147238671860866209158997985840580021,approximate_match,extension
QP093A-0285,bound_composite_rows,9+3,2,1,6,positive,342,341.8886718750000000000000000000000000000000000000000000000000000000000000000000000000000000000000000,True,1,0.99967447916666666666666666666666666666666666666666666666666666666666666666666667,0.00032562683165092803647020514490394008466297622924128948225333767502442201237381627,approximate_match,extension
QP093A-0286,bound_composite_rows,9+4,2,1,5,positive,447,446.8760489004629629629629629629629629629629629629629629629629629629629629629629629629629629629629630,True,1,0.99972270447530864197530864197530864197530864197530864197530864197530864197530864,0.00027737243882731756732311477189131824266470496014278650763980173900459473474753276,approximate_match,extension
QP093A-0287,bound_composite_rows,9+6,2,1,3,positive,657,656.8811848958333333333333333333333333333333333333333333333333333333333333333333333333333333333333333,True,1,0.99981915509259259259259259259259259259259259259259259259259259259259259259259259,0.00018087761820352349600260463770213073834243750678291068263213110009767391382990528,approximate_match,extension
QP093A-0288,bound_composite_rows,9+8,2,1,1,positive,867,866.9268301504629629629629629629629629629629629629629629629629629629629629629629629629629629629629630,True,1,0.99991560570987654320987654320987654320987654320987654320987654320987654320987654,0.000084401413120802536865331516693393780821587470007354980286241363926836032168998954,close_match,extension
QP093A-0289,bound_composite_rows,9+9,2,1,0,neutral,972,885.9375,True,1,0.91145833333333333333333333333333333333333333333333333333333333333333333333333333,0.097142857142857142857142857142857142857142857142857142857142857142857142857142861,systematic_miss,extension
QP093A-0290,unstable_resonance_rows,9+12,2,1,3,negative,1305,1305.236002604166666666666666666666666666666666666666666666666666666666666666666666666666666666666667,True,1,1.0001808449074074074074074074074074074074074074074074074074074074074074074074074,0.00018081220844031388999385238491302932774020901891295700285683289335695946190286028,approximate_match,extension
QP093A-0291,unstable_resonance_rows,12+1,2,1,11,positive,177,176.8997034143518518518518518518518518518518518518518518518518518518518518518518518518518518518518519,True,1,0.99943335262345679012345679012345679012345679012345679012345679012345679012345679,0.00056696864784009071498365441451439738470632230358155301156857304848185097168775722,approximate_match,extension
QP093A-0292,unstable_resonance_rows,12+2,2,1,10,positive,318,317.8351417824074074074074074074074074074074074074074074074074074074074074074074074074074074074074074,True,1,0.99948157793209876543209876543209876543209876543209876543209876543209876543209877,0.00051869096874585348789520029915200057900387208839459113882824091386111144618279177,approximate_match,extension
QP093A-0293,unstable_resonance_rows,12+3,2,1,9,positive,459,458.7841796875,True,1,0.99952980324074074074074074074074074074074074074074074074074074074074074074074074,0.00047041794825402569205717387371087389180387190157409082685000904649900488510946338,approximate_match,extension
QP093A-0294,unstable_resonance_rows,12+4,2,1,8,positive,600,599.7468171296296296296296296296296296296296296296296296296296296296296296296296296296296296296296296,True,1,0.99957802854938271604938271604938271604938271604938271604938271604938271604938272,0.00042214958569033518677103812613829620427215380718619209012290583651955758723419257,approximate_match,extension
QP093A-0295,unstable_resonance_rows,12+6,2,1,6,positive,882,881.7128906250000000000000000000000000000000000000000000000000000000000000000000000000000000000000000,True,1,0.99967447916666666666666666666666666666666666666666666666666666666666666666666667,0.00032562683165092803647020514490394008466297622924128948225333767502442201237381627,approximate_match,extension
QP093A-0296,unstable_resonance_rows,12+8,2,1,4,positive,1164,1163.733362268518518518518518518518518518518518518518518518518518518518518518518518518518518518518519,True,1,0.99977092978395061728395061728395061728395061728395061728395061728395061728395062,0.00022912270123605667772083207717817304793488091649080494422671088332830871269218902,approximate_match,extension
QP093A-0297,unstable_resonance_rows,12+9,2,1,3,positive,1305,1304.763997395833333333333333333333333333333333333333333333333333333333333333333333333333333333333333,True,1,0.99981915509259259259259259259259259259259259259259259259259259259259259259259259,0.00018087761820352349600260463770213073834243750678291068263213110009767391382990528,approximate_match,extension
QP093A-0298,unstable_resonance_rows,12+12,2,1,0,neutral,1728,1575.0000,True,1,0.91145833333333333333333333333333333333333333333333333333333333333333333333333333,0.097142857142857142857142857142857142857142857142857142857142857142857142857142861,systematic_miss,extension
QP093A-0299,unstable_resonance_rows,12+12,2,1,0,neutral,126000,125250.00,True,1,0.99404761904761904761904761904761904761904761904761904761904761904761904761904762,0.0059880239520958083832335329341317365269461077844311377245508982035928143712574841,systematic_miss,extension
QP093A-0300,carrier_only_rows,18,1,0,0,neutral,18,18,False,,1,,not_applicable,out_of_scope
QP093A-0301,carrier_only_rows,1,1,0,0,neutral,0,0,False,,,,not_applicable,out_of_scope
QP093A-0302,carrier_only_rows,9,1,0,0,neutral,9,9,False,,1,,not_applicable,out_of_scope
QP093A-0303,carrier_only_rows,81,1,0,0,neutral,81,81,False,,1,,not_applicable,out_of_scope
QP093A-0304,carrier_only_rows,8,1,0,0,neutral,8,8,False,,1,,not_applicable,out_of_scope
QP093A-0305,carrier_only_rows,1,1,0,0,neutral,0,0,False,,,,not_applicable,out_of_scope
QP093A-0306,hidden_source_support_rows,1,1,0,1,positive,1.006944444444444444444444444444444444444444444444444444444444444444444444444444444444444444444444444,1.006944444444444444444444444444444444444444444444444444444444444444444444444444444444444444444444444,False,,1,,not_applicable,out_of_scope
QP093A-0307,hidden_source_support_rows,2,1,0,2,positive,2.027777777777777777777777777777777777777777777777777777777777777777777777777777777777777777777777778,2.027777777777777777777777777777777777777777777777777777777777777777777777777777777777777777777777778,False,,1,,not_applicable,out_of_scope
QP093A-0308,hidden_source_support_rows,3,1,0,3,positive,3.062499999999999999999999999999999999999999999999999999999999999999999999999999999999999999999999999,3.062499999999999999999999999999999999999999999999999999999999999999999999999999999999999999999999999,False,,1,,not_applicable,out_of_scope
QP093A-0309,hidden_source_support_rows,4,1,0,4,positive,4.111111111111111111111111111111111111111111111111111111111111111111111111111111111111111111111111112,4.111111111111111111111111111111111111111111111111111111111111111111111111111111111111111111111111112,False,,1,,not_applicable,out_of_scope
QP093A-0310,hidden_source_support_rows,6,1,0,6,positive,6.250000000000000000000000000000000000000000000000000000000000000000000000000000000000000000000000002,6.250000000000000000000000000000000000000000000000000000000000000000000000000000000000000000000000002,False,,1,,not_applicable,out_of_scope
QP093A-0311,hidden_source_support_rows,8,1,0,8,positive,8.444444444444444444444444444444444444444444444444444444444444444444444444444444444444444444444444448,8.444444444444444444444444444444444444444444444444444444444444444444444444444444444444444444444444448,False,,1,,not_applicable,out_of_scope
QP093A-0312,hidden_source_support_rows,9,1,0,9,positive,9.5625,9.5625,False,,1,,not_applicable,out_of_scope
QP093A-0313,hidden_source_support_rows,12,1,0,12,positive,13.00000000000000000000000000000000000000000000000000000000000000000000000000000000000000000000000000,13.00000000000000000000000000000000000000000000000000000000000000000000000000000000000000000000000000,False,,1,,not_applicable,out_of_scope
QP093A-0314,rejected_fake_closures,1,1,0,0,neutral,0,0,False,,,,not_applicable,out_of_scope
QP093A-0315,rejected_fake_closures,1,1,0,0,neutral,0,0,False,,,,not_applicable,out_of_scope
QP093A-0316,rejected_fake_closures,1,1,0,0,neutral,0,0,False,,,,not_applicable,out_of_scope
QP093A-0317,rejected_fake_closures,1,1,0,0,neutral,0,0,False,,,,not_applicable,out_of_scope
QP093A-0318,rejected_fake_closures,1,1,0,0,neutral,0,0,False,,,,not_applicable,out_of_scope
QP093A-0319,rejected_fake_closures,1,1,0,0,neutral,0,0,False,,,,not_applicable,out_of_scope
QP093A-0320,rejected_fake_closures,1,1,0,0,neutral,0,0,False,,,,not_applicable,out_of_scope
QP093A-0321,rejected_fake_closures,1,1,0,0,neutral,0,0,False,,,,not_applicable,out_of_scope
