trial,seed,median_log10_ratio,abs_median_log10
0,1000,0.013126344692792632,0.013126344692792632
1,1001,-0.01679876203902452,0.01679876203902452
2,1002,-0.0372845712973952,0.0372845712973952
3,1003,-0.01975033343888606,0.01975033343888606
4,1004,0.09290868722772216,0.09290868722772216
5,1005,0.029463170743475466,0.029463170743475466
6,1006,-0.013517611506311838,0.013517611506311838
7,1007,-0.013713319328584293,0.013713319328584293
8,1008,0.011714208527468378,0.011714208527468378
9,1009,0.029489876252726335,0.029489876252726335
10,1010,-0.04575783590985092,0.04575783590985092
11,1011,0.007202726983845534,0.007202726983845534
12,1012,-0.0023408607270056785,0.0023408607270056785
13,1013,-0.023007201898581808,0.023007201898581808
14,1014,-0.027320308450971557,0.027320308450971557
15,1015,0.05038766354393214,0.05038766354393214
16,1016,-0.02361293985580802,0.02361293985580802
17,1017,0.003411991194608811,0.003411991194608811
18,1018,0.04373659303882364,0.04373659303882364
19,1019,-0.024096872407480336,0.024096872407480336
20,1020,0.03917806693069873,0.03917806693069873
21,1021,0.052127777384722476,0.052127777384722476
22,1022,-0.02622561624218875,0.02622561624218875
23,1023,0.018399856163554818,0.018399856163554818
24,1024,0.022496149803541973,0.022496149803541973
25,1025,-0.052472372178178246,0.052472372178178246
26,1026,-0.04050103204032999,0.04050103204032999
27,1027,-0.016936387803570582,0.016936387803570582
28,1028,-0.004969643315793143,0.004969643315793143
29,1029,0.0581302513061034,0.0581302513061034
30,1030,-0.0073056702683123925,0.0073056702683123925
31,1031,-0.024487975463192257,0.024487975463192257
32,1032,-0.016521796066071005,0.016521796066071005
33,1033,-0.01977475210422845,0.01977475210422845
34,1034,0.08810220343153265,0.08810220343153265
35,1035,-0.07971989083813566,0.07971989083813566
36,1036,-0.05292549582580183,0.05292549582580183
37,1037,-0.029521541454386395,0.029521541454386395
38,1038,0.015203168239604376,0.015203168239604376
39,1039,-0.0017333094500608958,0.0017333094500608958
40,1040,0.04807529046783222,0.04807529046783222
41,1041,-0.004978126187729522,0.004978126187729522
42,1042,-0.04138950458965455,0.04138950458965455
43,1043,-0.006876790834325306,0.006876790834325306
44,1044,0.0015898029877864802,0.0015898029877864802
45,1045,0.08265809249427422,0.08265809249427422
46,1046,-0.05114146104852813,0.05114146104852813
47,1047,-0.01870039076897292,0.01870039076897292
48,1048,-0.023597973347976812,0.023597973347976812
49,1049,0.06993825592678889,0.06993825592678889
50,1050,-0.05690295947968122,0.05690295947968122
51,1051,0.011770910977158421,0.011770910977158421
52,1052,0.02348771804666642,0.02348771804666642
53,1053,0.0028866255697493873,0.0028866255697493873
54,1054,0.011508484852339958,0.011508484852339958
55,1055,0.012614696780549975,0.012614696780549975
56,1056,0.01930082539912351,0.01930082539912351
57,1057,0.12727682094253487,0.12727682094253487
58,1058,-0.06346649726585074,0.06346649726585074
59,1059,0.03544422818327878,0.03544422818327878
60,1060,-0.025693561594032775,0.025693561594032775
61,1061,-0.04050103204032999,0.04050103204032999
62,1062,0.024667370738390617,0.024667370738390617
63,1063,0.06315911653947931,0.06315911653947931
64,1064,-0.047953475805154,0.047953475805154
65,1065,-0.015571029961968148,0.015571029961968148
66,1066,-0.007934844874461298,0.007934844874461298
67,1067,0.023525825359062776,0.023525825359062776
68,1068,0.039642929535035724,0.039642929535035724
69,1069,-0.0589981629027864,0.0589981629027864
70,1070,0.0843504244623829,0.0843504244623829
71,1071,0.04284058868931738,0.04284058868931738
72,1072,-0.07934630448869183,0.07934630448869183
73,1073,0.012287976878969865,0.012287976878969865
74,1074,0.005663497772976707,0.005663497772976707
75,1075,0.02487117101640786,0.02487117101640786
76,1076,0.05369524718233537,0.05369524718233537
77,1077,0.06811984535894115,0.06811984535894115
78,1078,0.017777199220518892,0.017777199220518892
79,1079,-0.040229632867334664,0.040229632867334664
80,1080,-0.0257298052727671,0.0257298052727671
81,1081,0.02660141804594918,0.02660141804594918
82,1082,0.016350442095883048,0.016350442095883048
83,1083,-0.027272631540170563,0.027272631540170563
84,1084,0.07003322190279863,0.07003322190279863
85,1085,-0.04575783590985092,0.04575783590985092
86,1086,-0.0012056245912794195,0.0012056245912794195
87,1087,0.06827574378732541,0.06827574378732541
88,1088,0.008395146829619537,0.008395146829619537
89,1089,-0.04853111666984791,0.04853111666984791
90,1090,-0.0009582165290055949,0.0009582165290055949
91,1091,-0.039223885484186295,0.039223885484186295
92,1092,-0.013605216154454924,0.013605216154454924
93,1093,0.10244623020581911,0.10244623020581911
94,1094,-0.03406609463690213,0.03406609463690213
95,1095,0.057668528228354235,0.057668528228354235
96,1096,-0.012286283513202021,0.012286283513202021
97,1097,0.07191155628795247,0.07191155628795247
98,1098,-0.05344577079462066,0.05344577079462066
99,1099,-0.07202808166199057,0.07202808166199057
100,1100,0.004903110215212968,0.004903110215212968
101,1101,0.0035840536901387415,0.0035840536901387415
102,1102,0.025687026934362974,0.025687026934362974
103,1103,-0.0340416720946793,0.0340416720946793
104,1104,0.0544599504479455,0.0544599504479455
105,1105,0.038127119367627395,0.038127119367627395
106,1106,-0.075742637750751,0.075742637750751
107,1107,0.004569820277424736,0.004569820277424736
108,1108,0.09142507508528168,0.09142507508528168
109,1109,0.04014811106861089,0.04014811106861089
110,1110,-0.026619208637069576,0.026619208637069576
111,1111,0.028569745413716048,0.028569745413716048
112,1112,0.03262642259141429,0.03262642259141429
113,1113,-0.021832931592819783,0.021832931592819783
114,1114,-0.016779172361161707,0.016779172361161707
115,1115,0.011110175453452251,0.011110175453452251
116,1116,0.0966924997264834,0.0966924997264834
117,1117,-0.018591536984381648,0.018591536984381648
118,1118,-0.07837153322183614,0.07837153322183614
119,1119,0.043805373416818075,0.043805373416818075
120,1120,-0.05525607547713287,0.05525607547713287
121,1121,0.01168060856327993,0.01168060856327993
122,1122,0.0093046168754767,0.0093046168754767
123,1123,0.004573320867040087,0.004573320867040087
124,1124,-0.015886005977609714,0.015886005977609714
125,1125,0.057963296464516166,0.057963296464516166
126,1126,0.024878727542517284,0.024878727542517284
127,1127,-0.010736984411462673,0.010736984411462673
128,1128,0.02544311413569624,0.02544311413569624
129,1129,0.02390378353258118,0.02390378353258118
130,1130,-0.06080591794631423,0.06080591794631423
131,1131,0.023709360159475786,0.023709360159475786
132,1132,0.005965173761494416,0.005965173761494416
133,1133,-0.022347134409174307,0.022347134409174307
134,1134,-0.013595727940264108,0.013595727940264108
135,1135,-0.09891966744495818,0.09891966744495818
136,1136,0.05291469067421468,0.05291469067421468
137,1137,-0.036423813930231336,0.036423813930231336
138,1138,0.0012283945117631978,0.0012283945117631978
139,1139,-0.013103010781714811,0.013103010781714811
140,1140,-0.021130828868044703,0.021130828868044703
141,1141,-0.042966150228354205,0.042966150228354205
142,1142,-0.001760027457149252,0.001760027457149252
143,1143,0.07404458173873013,0.07404458173873013
144,1144,-0.0703852299250617,0.0703852299250617
145,1145,0.009869792331679958,0.009869792331679958
146,1146,-0.040275933712092475,0.040275933712092475
147,1147,-0.0073056702683123925,0.0073056702683123925
148,1148,-0.024308236869628606,0.024308236869628606
149,1149,0.039473686892486044,0.039473686892486044
150,1150,-0.043596269874380734,0.043596269874380734
151,1151,0.009353756687007376,0.009353756687007376
152,1152,0.036373593802143354,0.036373593802143354
153,1153,0.004744298897976936,0.004744298897976936
154,1154,-0.009090381246638015,0.009090381246638015
155,1155,-0.04127276114344061,0.04127276114344061
156,1156,0.0008016448287446929,0.0008016448287446929
157,1157,-0.050567049105231736,0.050567049105231736
158,1158,0.06424960605956663,0.06424960605956663
159,1159,0.009869792331679958,0.009869792331679958
160,1160,-0.026878200307722238,0.026878200307722238
161,1161,-0.025156871511401103,0.025156871511401103
162,1162,-0.026004070632951945,0.026004070632951945
163,1163,0.032204579752355814,0.032204579752355814
164,1164,0.036373593802143354,0.036373593802143354
165,1165,0.06092517647865067,0.06092517647865067
166,1166,-0.03603521139336264,0.03603521139336264
167,1167,-0.020785943623492537,0.020785943623492537
168,1168,0.006983924084077013,0.006983924084077013
169,1169,-0.029544444654821266,0.029544444654821266
170,1170,0.05246993509479924,0.05246993509479924
171,1171,0.08840923084068787,0.08840923084068787
172,1172,0.07698995923237623,0.07698995923237623
173,1173,0.017375174176705102,0.017375174176705102
174,1174,0.03814853030048718,0.03814853030048718
175,1175,-0.03279216554123839,0.03279216554123839
176,1176,0.10196604208631908,0.10196604208631908
177,1177,0.02453724514350699,0.02453724514350699
178,1178,0.011287628741656128,0.011287628741656128
179,1179,0.027155528525856867,0.027155528525856867
180,1180,0.007258063370836427,0.007258063370836427
181,1181,-0.03406609463690213,0.03406609463690213
182,1182,0.06795269396713524,0.06795269396713524
183,1183,-0.04074377445320649,0.04074377445320649
184,1184,-0.03461231518496816,0.03461231518496816
185,1185,-0.05837598216493208,0.05837598216493208
186,1186,-0.02967940762946922,0.02967940762946922
187,1187,0.03321598423527939,0.03321598423527939
188,1188,-0.030728127524156337,0.030728127524156337
189,1189,-0.023528978867738703,0.023528978867738703
190,1190,-0.0487241762519503,0.0487241762519503
191,1191,-0.07545007117472918,0.07545007117472918
192,1192,0.040914431500981965,0.040914431500981965
193,1193,-0.08471551756707546,0.08471551756707546
194,1194,-0.018942285152543006,0.018942285152543006
195,1195,0.020125493100868645,0.020125493100868645
196,1196,0.008395146829619537,0.008395146829619537
197,1197,-0.04377183128001614,0.04377183128001614
198,1198,0.026853266534257954,0.026853266534257954
199,1199,0.10213899392120068,0.10213899392120068
200,1200,-0.047425761909618454,0.047425761909618454
201,1201,-0.013296015752057345,0.013296015752057345
202,1202,-0.0053459093617271745,0.0053459093617271745
203,1203,0.008680665779847172,0.008680665779847172
204,1204,0.03620841220867655,0.03620841220867655
205,1205,0.003857531569008572,0.003857531569008572
206,1206,0.04229049982711351,0.04229049982711351
207,1207,-0.004444754413810192,0.004444754413810192
208,1208,0.023809475223863247,0.023809475223863247
209,1209,-0.008950871078656572,0.008950871078656572
210,1210,0.08652266820019722,0.08652266820019722
211,1211,-0.038129125329497374,0.038129125329497374
212,1212,0.020868789583215478,0.020868789583215478
213,1213,0.015256670454083358,0.015256670454083358
214,1214,-0.08693310775522041,0.08693310775522041
215,1215,-0.08810472190637493,0.08810472190637493
216,1216,0.02408530699856969,0.02408530699856969
217,1217,-0.03911828165920407,0.03911828165920407
218,1218,-0.0008497861148058547,0.0008497861148058547
219,1219,-0.0320632135126659,0.0320632135126659
220,1220,0.052932087520871716,0.052932087520871716
221,1221,0.05186238625124171,0.05186238625124171
222,1222,0.07735371880282871,0.07735371880282871
223,1223,0.0014820732431734083,0.0014820732431734083
224,1224,0.03848988141848847,0.03848988141848847
225,1225,0.024220353864961488,0.024220353864961488
226,1226,0.04373659303882364,0.04373659303882364
227,1227,0.013911671185153953,0.013911671185153953
228,1228,0.0029467268534267917,0.0029467268534267917
229,1229,-0.04329249761128846,0.04329249761128846
230,1230,0.03352096401949588,0.03352096401949588
231,1231,0.01977135223291728,0.01977135223291728
232,1232,0.06690846750781546,0.06690846750781546
233,1233,-0.034735561432705064,0.034735561432705064
234,1234,0.00704577285428159,0.00704577285428159
235,1235,-0.01488056065151777,0.01488056065151777
236,1236,0.08308313054575356,0.08308313054575356
237,1237,0.02769465573716196,0.02769465573716196
238,1238,0.013911671185153953,0.013911671185153953
239,1239,-0.027445523805575887,0.027445523805575887
240,1240,-0.022366214330591102,0.022366214330591102
241,1241,0.003857531569008572,0.003857531569008572
242,1242,-0.0589981629027864,0.0589981629027864
243,1243,-0.0035068974779379853,0.0035068974779379853
244,1244,0.020890056564318724,0.020890056564318724
245,1245,0.0015898029877864802,0.0015898029877864802
246,1246,0.08081793351275156,0.08081793351275156
247,1247,-0.04806434357727791,0.04806434357727791
248,1248,0.003176299954248605,0.003176299954248605
249,1249,-0.04276511678366259,0.04276511678366259
250,1250,0.003782701577565754,0.003782701577565754
251,1251,0.03456682632131523,0.03456682632131523
252,1252,-0.018314205234759028,0.018314205234759028
253,1253,0.007296243936316379,0.007296243936316379
254,1254,0.008970485823820961,0.008970485823820961
255,1255,-0.013103010781714811,0.013103010781714811
256,1256,-0.039223885484186295,0.039223885484186295
257,1257,-0.0024085765235157077,0.0024085765235157077
258,1258,0.04830781288789962,0.04830781288789962
259,1259,0.07120097980507716,0.07120097980507716
260,1260,-0.00031127541631408397,0.00031127541631408397
261,1261,0.019062210002295295,0.019062210002295295
262,1262,0.0029799650703981164,0.0029799650703981164
263,1263,0.048066797498723474,0.048066797498723474
264,1264,-0.03515424553610444,0.03515424553610444
265,1265,0.06930813497669008,0.06930813497669008
266,1266,0.016094220486534562,0.016094220486534562
267,1267,0.06844304309621914,0.06844304309621914
268,1268,-0.0013578963273928903,0.0013578963273928903
269,1269,-0.00421023499503634,0.00421023499503634
270,1270,0.004744298897976936,0.004744298897976936
271,1271,0.009503817891506516,0.009503817891506516
272,1272,0.023681743559787864,0.023681743559787864
273,1273,0.04743215973336413,0.04743215973336413
274,1274,0.0077546974244290245,0.0077546974244290245
275,1275,0.05710175612684313,0.05710175612684313
276,1276,0.024813512078502322,0.024813512078502322
277,1277,-0.0802921590730471,0.0802921590730471
278,1278,0.004416911854524937,0.004416911854524937
279,1279,-0.02261167981883133,0.02261167981883133
280,1280,-0.01679876203902452,0.01679876203902452
281,1281,0.06315013198398453,0.06315013198398453
282,1282,0.06465372706737198,0.06465372706737198
283,1283,-0.06623972778833048,0.06623972778833048
284,1284,0.08035146231413241,0.08035146231413241
285,1285,-0.033020801131598415,0.033020801131598415
286,1286,0.013027344937206363,0.013027344937206363
287,1287,0.0218696827338367,0.0218696827338367
288,1288,0.01109390261749984,0.01109390261749984
289,1289,0.010389728725951543,0.010389728725951543
290,1290,0.012800409073073844,0.012800409073073844
291,1291,0.01967948881711031,0.01967948881711031
292,1292,0.006885920982426973,0.006885920982426973
293,1293,-0.06659147009654304,0.06659147009654304
294,1294,0.06988445364495144,0.06988445364495144
295,1295,-0.06650025813579276,0.06650025813579276
296,1296,0.06252967049568618,0.06252967049568618
297,1297,-0.02145405339010773,0.02145405339010773
298,1298,0.06387911211399708,0.06387911211399708
299,1299,0.06968956935869242,0.06968956935869242
300,1300,0.07110345299227637,0.07110345299227637
301,1301,-0.04130106239916596,0.04130106239916596
302,1302,-0.04130106239916596,0.04130106239916596
303,1303,0.0029467268534267917,0.0029467268534267917
304,1304,-0.043608904310486196,0.043608904310486196
305,1305,0.09193718425484741,0.09193718425484741
306,1306,0.03142145918235034,0.03142145918235034
307,1307,-0.03184599674373727,0.03184599674373727
308,1308,-0.03796176111605473,0.03796176111605473
309,1309,0.018245979314673758,0.018245979314673758
310,1310,-0.059758254557426664,0.059758254557426664
311,1311,-0.019938117720844535,0.019938117720844535
312,1312,0.03714978119771286,0.03714978119771286
313,1313,0.04645785080282359,0.04645785080282359
314,1314,-0.03667463720754381,0.03667463720754381
315,1315,0.09193718425484741,0.09193718425484741
316,1316,-0.015281279856464646,0.015281279856464646
317,1317,-0.05751098690633604,0.05751098690633604
318,1318,-0.03747676364857426,0.03747676364857426
319,1319,-0.033020801131598415,0.033020801131598415
320,1320,-0.027190679225346442,0.027190679225346442
321,1321,0.050062399659934156,0.050062399659934156
322,1322,-0.039870790725634916,0.039870790725634916
323,1323,0.014684311609443038,0.014684311609443038
324,1324,-0.027320308450971557,0.027320308450971557
325,1325,0.023938990067885177,0.023938990067885177
326,1326,-0.09798699039957698,0.09798699039957698
327,1327,0.02544311413569624,0.02544311413569624
328,1328,-0.016779172361161707,0.016779172361161707
329,1329,0.03488761406339965,0.03488761406339965
330,1330,-0.010161927436456579,0.010161927436456579
331,1331,0.04447169780814309,0.04447169780814309
332,1332,-0.025693561594032775,0.025693561594032775
333,1333,0.036699268524172934,0.036699268524172934
334,1334,0.01309925919006517,0.01309925919006517
335,1335,0.021259287457077284,0.021259287457077284
336,1336,-0.050375540909173185,0.050375540909173185
337,1337,0.07477549703252895,0.07477549703252895
338,1338,0.056420289681984204,0.056420289681984204
339,1339,-0.040809616769276594,0.040809616769276594
340,1340,-0.01774093090513381,0.01774093090513381
341,1341,-0.019458068720692452,0.019458068720692452
342,1342,-0.01829190408412829,0.01829190408412829
343,1343,-0.029968596940722795,0.029968596940722795
344,1344,-0.03795981661266922,0.03795981661266922
345,1345,-0.038510875250073004,0.038510875250073004
346,1346,0.008696955814878646,0.008696955814878646
347,1347,0.034824161799634185,0.034824161799634185
348,1348,-0.03782623896111053,0.03782623896111053
349,1349,0.04254651182443876,0.04254651182443876
350,1350,-0.07672308340703766,0.07672308340703766
351,1351,-0.008062573639162943,0.008062573639162943
352,1352,-0.06812847919855446,0.06812847919855446
353,1353,0.024163415296520947,0.024163415296520947
354,1354,0.031708845124478885,0.031708845124478885
355,1355,0.07727386449183045,0.07727386449183045
356,1356,-0.02503113600878249,0.02503113600878249
357,1357,0.00046636701922952176,0.00046636701922952176
358,1358,-0.016889457467516633,0.016889457467516633
359,1359,0.08519953134693643,0.08519953134693643
360,1360,-0.025103717492318187,0.025103717492318187
361,1361,-0.05209519981396592,0.05209519981396592
362,1362,0.06947189307241908,0.06947189307241908
363,1363,-0.0379480355445273,0.0379480355445273
364,1364,-0.04623892045445065,0.04623892045445065
365,1365,0.016094220486534562,0.016094220486534562
366,1366,-0.04848420392665601,0.04848420392665601
367,1367,-0.00789487933354478,0.00789487933354478
368,1368,0.024877118061754307,0.024877118061754307
369,1369,-0.05212650752876455,0.05212650752876455
370,1370,-0.008300889761945313,0.008300889761945313
371,1371,0.07460730473553588,0.07460730473553588
372,1372,-0.026004070632951945,0.026004070632951945
373,1373,-0.0073056702683123925,0.0073056702683123925
374,1374,-0.017328511489393305,0.017328511489393305
375,1375,-0.030595487483692167,0.030595487483692167
376,1376,-0.0002151657272566674,0.0002151657272566674
377,1377,0.04074360968311328,0.04074360968311328
378,1378,0.019079536320523685,0.019079536320523685
379,1379,-0.034767526180726004,0.034767526180726004
380,1380,0.054269914262423384,0.054269914262423384
381,1381,-0.006211900599560557,0.006211900599560557
382,1382,-0.020054983770745945,0.020054983770745945
383,1383,0.010003050425339124,0.010003050425339124
384,1384,0.010413460237539137,0.010413460237539137
385,1385,-0.003957727895883692,0.003957727895883692
386,1386,0.030813785885113354,0.030813785885113354
387,1387,0.035088228726826244,0.035088228726826244
388,1388,-0.0046429415844188695,0.0046429415844188695
389,1389,0.009152447444759664,0.009152447444759664
390,1390,0.021463074344785935,0.021463074344785935
391,1391,-0.11133819909877422,0.11133819909877422
392,1392,-0.10078484399270161,0.10078484399270161
393,1393,0.0036402193041854616,0.0036402193041854616
394,1394,0.015144137782836582,0.015144137782836582
395,1395,0.03248892322424859,0.03248892322424859
396,1396,0.05949721003237847,0.05949721003237847
397,1397,-0.006211900599560557,0.006211900599560557
398,1398,0.009464406850336171,0.009464406850336171
399,1399,-0.04038547219410124,0.04038547219410124
400,1400,-0.01447160373791296,0.01447160373791296
401,1401,0.05267003405723171,0.05267003405723171
402,1402,-0.04152454474552865,0.04152454474552865
403,1403,-0.043830120348837015,0.043830120348837015
404,1404,0.014710145423105753,0.014710145423105753
405,1405,0.04853604963858843,0.04853604963858843
406,1406,0.022917549096291113,0.022917549096291113
407,1407,0.04282551722811189,0.04282551722811189
408,1408,0.02423294780573848,0.02423294780573848
409,1409,0.03158308291306527,0.03158308291306527
410,1410,0.02760509826836878,0.02760509826836878
411,1411,0.0682653461980395,0.0682653461980395
412,1412,-0.01488056065151777,0.01488056065151777
413,1413,-0.02870575821353364,0.02870575821353364
414,1414,0.017613780386062667,0.017613780386062667
415,1415,-0.08736058509304107,0.08736058509304107
416,1416,-0.04758872835177776,0.04758872835177776
417,1417,0.06605941430263423,0.06605941430263423
418,1418,0.10273896933769429,0.10273896933769429
419,1419,-0.07837153322183614,0.07837153322183614
420,1420,0.03422236831265893,0.03422236831265893
421,1421,-0.06828513683473256,0.06828513683473256
422,1422,-0.06362763070258846,0.06362763070258846
423,1423,0.046479378884113076,0.046479378884113076
424,1424,-0.09096594743666872,0.09096594743666872
425,1425,0.042118511338497235,0.042118511338497235
426,1426,-0.11130344022040682,0.11130344022040682
427,1427,0.07761173984137616,0.07761173984137616
428,1428,0.06870653455686224,0.06870653455686224
429,1429,-0.053534862548370914,0.053534862548370914
430,1430,0.009879119844116472,0.009879119844116472
431,1431,-0.004172797011750138,0.004172797011750138
432,1432,0.10706692865081259,0.10706692865081259
433,1433,-0.02541475517506967,0.02541475517506967
434,1434,0.0839850588534673,0.0839850588534673
435,1435,-0.061581356646308295,0.061581356646308295
436,1436,-0.0290040045088547,0.0290040045088547
437,1437,-0.018913610029525147,0.018913610029525147
438,1438,-0.012866725825466486,0.012866725825466486
439,1439,-0.03258089176200892,0.03258089176200892
440,1440,0.06702692793410096,0.06702692793410096
441,1441,-0.009090381246638015,0.009090381246638015
442,1442,-0.06666369899304421,0.06666369899304421
443,1443,0.05524154590813804,0.05524154590813804
444,1444,-0.011528676749030494,0.011528676749030494
445,1445,-0.04520513000776776,0.04520513000776776
446,1446,-0.030955055316965012,0.030955055316965012
447,1447,-0.016779172361161707,0.016779172361161707
448,1448,0.09039852196772359,0.09039852196772359
449,1449,0.07931941707494451,0.07931941707494451
450,1450,0.06793819109191032,0.06793819109191032
451,1451,-0.09126156023004511,0.09126156023004511
452,1452,0.021651908074964525,0.021651908074964525
453,1453,-0.021693168896036705,0.021693168896036705
454,1454,0.03650714053361841,0.03650714053361841
455,1455,0.019247591041031756,0.019247591041031756
456,1456,-0.0004071594131133528,0.0004071594131133528
457,1457,0.030665457264469755,0.030665457264469755
458,1458,-0.05622821567892326,0.05622821567892326
459,1459,0.025687026934362974,0.025687026934362974
460,1460,-0.026628488163024946,0.026628488163024946
461,1461,0.011437072036771417,0.011437072036771417
462,1462,-0.0451030323600696,0.0451030323600696
463,1463,0.05527263962550946,0.05527263962550946
464,1464,-0.07863761520055976,0.07863761520055976
465,1465,0.13450102186100651,0.13450102186100651
466,1466,-0.029736334175124862,0.029736334175124862
467,1467,0.022496149803541973,0.022496149803541973
468,1468,-0.021471023215441115,0.021471023215441115
469,1469,-0.04461798528725952,0.04461798528725952
470,1470,0.06684747863163366,0.06684747863163366
471,1471,0.06518594238003181,0.06518594238003181
472,1472,0.08527140290245246,0.08527140290245246
473,1473,-0.07586482372752462,0.07586482372752462
474,1474,0.07513711475384406,0.07513711475384406
475,1475,-0.022054568618533884,0.022054568618533884
476,1476,-0.009512451386517948,0.009512451386517948
477,1477,0.03367449928483205,0.03367449928483205
478,1478,-0.1050400089465268,0.1050400089465268
479,1479,0.03252645503249608,0.03252645503249608
480,1480,-0.01639729349219284,0.01639729349219284
481,1481,0.06092517647865067,0.06092517647865067
482,1482,0.05322884156455126,0.05322884156455126
483,1483,-0.0035270008998455793,0.0035270008998455793
484,1484,0.007240237090262989,0.007240237090262989
485,1485,-0.02775834258880911,0.02775834258880911
486,1486,-0.04236525858200474,0.04236525858200474
487,1487,-0.013103010781714811,0.013103010781714811
488,1488,0.010003050425339124,0.010003050425339124
489,1489,-0.0073056702683123925,0.0073056702683123925
490,1490,-0.04848420392665601,0.04848420392665601
491,1491,-0.06703419293861386,0.06703419293861386
492,1492,-0.05344577079462066,0.05344577079462066
493,1493,0.02351399711547731,0.02351399711547731
494,1494,0.024937276930929005,0.024937276930929005
495,1495,-0.05752380552725668,0.05752380552725668
496,1496,-0.011358402893688809,0.011358402893688809
497,1497,0.0009962548425505706,0.0009962548425505706
498,1498,0.024939881794347245,0.024939881794347245
499,1499,-0.009055053125459168,0.009055053125459168
500,1500,-0.04520513000776776,0.04520513000776776
501,1501,0.02352902279089209,0.02352902279089209
502,1502,-0.04111385206494781,0.04111385206494781
503,1503,-0.00649743820597097,0.00649743820597097
504,1504,-0.020054983770745945,0.020054983770745945
505,1505,0.037792528317270806,0.037792528317270806
506,1506,0.021539187845891285,0.021539187845891285
507,1507,0.031072195434414092,0.031072195434414092
508,1508,-0.05774983681888771,0.05774983681888771
509,1509,0.06073844170066901,0.06073844170066901
510,1510,0.0190503070092517,0.0190503070092517
511,1511,0.01872925105742637,0.01872925105742637
512,1512,-0.01127064007857189,0.01127064007857189
513,1513,-0.016704745348223846,0.016704745348223846
514,1514,0.024799731343135917,0.024799731343135917
515,1515,-0.07433579410195414,0.07433579410195414
516,1516,-0.00789487933354478,0.00789487933354478
517,1517,-0.0222979447420207,0.0222979447420207
518,1518,-0.0896000239784433,0.0896000239784433
519,1519,0.027617450373672484,0.027617450373672484
520,1520,0.057800297272825395,0.057800297272825395
521,1521,-0.0854585153064866,0.0854585153064866
522,1522,0.029209988198852777,0.029209988198852777
523,1523,-0.09354433237618681,0.09354433237618681
524,1524,-0.04957112882390975,0.04957112882390975
525,1525,-0.039497026839012433,0.039497026839012433
526,1526,-0.07535214578605022,0.07535214578605022
527,1527,0.012362011593786327,0.012362011593786327
528,1528,-0.02622561624218875,0.02622561624218875
529,1529,-0.028899344622068734,0.028899344622068734
530,1530,-0.053582555773519634,0.053582555773519634
531,1531,0.04047693205811652,0.04047693205811652
532,1532,0.01317459647835779,0.01317459647835779
533,1533,0.0014631268401071689,0.0014631268401071689
534,1534,0.07077129416207131,0.07077129416207131
535,1535,-0.042560210028187405,0.042560210028187405
536,1536,0.059580183890749684,0.059580183890749684
537,1537,-0.043830120348837015,0.043830120348837015
538,1538,0.05358531966111007,0.05358531966111007
539,1539,0.005857096523426466,0.005857096523426466
540,1540,-0.0933971757979585,0.0933971757979585
541,1541,0.018376520704077876,0.018376520704077876
542,1542,0.04245515738532269,0.04245515738532269
543,1543,-0.02251432228610885,0.02251432228610885
544,1544,0.0033965072130124688,0.0033965072130124688
545,1545,-0.027307898041029805,0.027307898041029805
546,1546,-0.014267710757551785,0.014267710757551785
547,1547,0.004569820277424736,0.004569820277424736
548,1548,-0.00408060155642685,0.00408060155642685
549,1549,0.05801325140117215,0.05801325140117215
550,1550,-0.036253096235889924,0.036253096235889924
551,1551,-0.016704745348223846,0.016704745348223846
552,1552,-0.018067354704901836,0.018067354704901836
553,1553,-0.03915106120073699,0.03915106120073699
554,1554,0.06282248933679498,0.06282248933679498
555,1555,-0.008300889761945313,0.008300889761945313
556,1556,-0.04575783590985092,0.04575783590985092
557,1557,-0.04702066907681559,0.04702066907681559
558,1558,0.057229661800640014,0.057229661800640014
559,1559,-0.0451030323600696,0.0451030323600696
560,1560,-0.007019399219238525,0.007019399219238525
561,1561,-0.04058668140039227,0.04058668140039227
562,1562,-0.055885250083281705,0.055885250083281705
563,1563,-0.009580045684805437,0.009580045684805437
564,1564,0.15962815920987763,0.15962815920987763
565,1565,-0.019458068720692452,0.019458068720692452
566,1566,-0.029107159568975947,0.029107159568975947
567,1567,-0.05311995596386073,0.05311995596386073
568,1568,0.0807456216004391,0.0807456216004391
569,1569,-0.005721492080713964,0.005721492080713964
570,1570,-0.0648887007250444,0.0648887007250444
571,1571,0.03206695048926794,0.03206695048926794
572,1572,-0.0035068974779379853,0.0035068974779379853
573,1573,-0.039497026839012433,0.039497026839012433
574,1574,0.024950145487424268,0.024950145487424268
575,1575,0.01976257765500534,0.01976257765500534
576,1576,-0.01447160373791296,0.01447160373791296
577,1577,0.0074121056641460814,0.0074121056641460814
578,1578,-0.01041887478834455,0.01041887478834455
579,1579,0.0032329056493756235,0.0032329056493756235
580,1580,0.04142159204929669,0.04142159204929669
581,1581,0.0375406339889932,0.0375406339889932
582,1582,-0.019938117720844535,0.019938117720844535
583,1583,-0.025581827699671218,0.025581827699671218
584,1584,0.07471664969555765,0.07471664969555765
585,1585,0.015203168239604376,0.015203168239604376
586,1586,0.04551966474646712,0.04551966474646712
587,1587,-0.06450398773562034,0.06450398773562034
588,1588,-0.011252694054036177,0.011252694054036177
589,1589,-0.025789911941014137,0.025789911941014137
590,1590,0.0012283945117631978,0.0012283945117631978
591,1591,0.008680665779847172,0.008680665779847172
592,1592,0.026395788660690644,0.026395788660690644
593,1593,0.06625169083212135,0.06625169083212135
594,1594,0.013126344692792632,0.013126344692792632
595,1595,0.05801325140117215,0.05801325140117215
596,1596,0.05203027555760907,0.05203027555760907
597,1597,0.02727078834953409,0.02727078834953409
598,1598,0.027617450373672484,0.027617450373672484
599,1599,0.004340961860865019,0.004340961860865019
600,1600,0.026853266534257954,0.026853266534257954
601,1601,-0.053776923847192626,0.053776923847192626
602,1602,0.057668528228354235,0.057668528228354235
603,1603,-0.07789369422602826,0.07789369422602826
604,1604,0.012477283110014817,0.012477283110014817
605,1605,0.08823173286004997,0.08823173286004997
606,1606,-0.021832931592819783,0.021832931592819783
607,1607,-0.0004506315566349706,0.0004506315566349706
608,1608,0.013112238172909522,0.013112238172909522
609,1609,-0.0003393140324325101,0.0003393140324325101
610,1610,0.03714978119771286,0.03714978119771286
611,1611,0.05739373226724364,0.05739373226724364
612,1612,0.01967948881711031,0.01967948881711031
613,1613,-0.04806434357727791,0.04806434357727791
614,1614,-0.06992189352595593,0.06992189352595593
615,1615,0.009906486254000205,0.009906486254000205
616,1616,-0.06326556947168185,0.06326556947168185
617,1617,0.051071152732695906,0.051071152732695906
618,1618,0.018399856163554818,0.018399856163554818
619,1619,-0.00778117313505717,0.00778117313505717
620,1620,0.018399856163554818,0.018399856163554818
621,1621,0.04566169938119485,0.04566169938119485
622,1622,0.04268413758898474,0.04268413758898474
623,1623,-0.062161920472329026,0.062161920472329026
624,1624,0.03446724953302401,0.03446724953302401
625,1625,-0.04418116274605899,0.04418116274605899
626,1626,0.002781927249108265,0.002781927249108265
627,1627,0.014661734584548622,0.014661734584548622
628,1628,-0.09541395560082806,0.09541395560082806
629,1629,0.08247277183871786,0.08247277183871786
630,1630,0.010218223847083556,0.010218223847083556
631,1631,0.017777199220518892,0.017777199220518892
632,1632,0.036699268524172934,0.036699268524172934
633,1633,0.04807529046783222,0.04807529046783222
634,1634,-0.06516383969444119,0.06516383969444119
635,1635,0.0754766300604713,0.0754766300604713
636,1636,0.05534895699902873,0.05534895699902873
637,1637,-0.022591482517665594,0.022591482517665594
638,1638,-0.0703852299250617,0.0703852299250617
639,1639,-0.0496728299002624,0.0496728299002624
640,1640,0.02311903768292059,0.02311903768292059
641,1641,0.01726156816564729,0.01726156816564729
642,1642,-0.07753247841108375,0.07753247841108375
643,1643,-0.010788549795447445,0.010788549795447445
644,1644,0.003844482622764313,0.003844482622764313
645,1645,-0.013713319328584293,0.013713319328584293
646,1646,0.03064944227538866,0.03064944227538866
647,1647,0.04343366554673451,0.04343366554673451
648,1648,-0.07946206071224414,0.07946206071224414
649,1649,-0.054065502907168696,0.054065502907168696
650,1650,-0.01488056065151777,0.01488056065151777
651,1651,-0.014091351413354696,0.014091351413354696
652,1652,0.06765672472521643,0.06765672472521643
653,1653,-0.040085312659413876,0.040085312659413876
654,1654,-0.03279216554123839,0.03279216554123839
655,1655,0.01062607283509767,0.01062607283509767
656,1656,0.016597544267056872,0.016597544267056872
657,1657,0.02487117101640786,0.02487117101640786
658,1658,0.02083968866351465,0.02083968866351465
659,1659,-0.02261167981883133,0.02261167981883133
660,1660,-0.06672566854143741,0.06672566854143741
661,1661,-0.05129296613779926,0.05129296613779926
662,1662,0.06577465441912336,0.06577465441912336
663,1663,0.002080287088534807,0.002080287088534807
664,1664,-0.029425321626469707,0.029425321626469707
665,1665,0.02328804304186082,0.02328804304186082
666,1666,-0.014232177896685122,0.014232177896685122
667,1667,0.012812843767524236,0.012812843767524236
668,1668,0.012214470086726098,0.012214470086726098
669,1669,0.002506216255796444,0.002506216255796444
670,1670,1.1482991508211813e-06,1.1482991508211813e-06
671,1671,0.06573630710235065,0.06573630710235065
672,1672,-0.022314053480410788,0.022314053480410788
673,1673,-0.04195106906403665,0.04195106906403665
674,1674,0.0485405676565804,0.0485405676565804
675,1675,-0.03190074484204343,0.03190074484204343
676,1676,-0.029938218836484082,0.029938218836484082
677,1677,0.026853266534257954,0.026853266534257954
678,1678,0.012362011593786327,0.012362011593786327
679,1679,0.02483668251097408,0.02483668251097408
680,1680,0.023809475223863247,0.023809475223863247
681,1681,-0.01794016376300744,0.01794016376300744
682,1682,0.05246993509479924,0.05246993509479924
683,1683,0.011516563155131445,0.011516563155131445
684,1684,0.05146205608705926,0.05146205608705926
685,1685,-0.06659147009654304,0.06659147009654304
686,1686,0.011516563155131445,0.011516563155131445
687,1687,0.054269914262423384,0.054269914262423384
688,1688,0.044306917553325074,0.044306917553325074
689,1689,-0.1226171847107598,0.1226171847107598
690,1690,-0.06992189352595593,0.06992189352595593
691,1691,0.014781845589697893,0.014781845589697893
692,1692,0.024667370738390617,0.024667370738390617
693,1693,0.003365397925547571,0.003365397925547571
694,1694,-0.03258624014463332,0.03258624014463332
695,1695,-0.04670196192169786,0.04670196192169786
696,1696,0.03848988141848847,0.03848988141848847
697,1697,-0.06564118525709839,0.06564118525709839
698,1698,0.048959798398546785,0.048959798398546785
699,1699,0.024081610720772483,0.024081610720772483
700,1700,-0.0009582165290055949,0.0009582165290055949
701,1701,-0.011713142635703973,0.011713142635703973
702,1702,0.05653195278772091,0.05653195278772091
703,1703,-0.006853909274187457,0.006853909274187457
704,1704,-0.018658814151035232,0.018658814151035232
705,1705,0.030713704620390362,0.030713704620390362
706,1706,-0.07416573819855336,0.07416573819855336
707,1707,0.003764139225762796,0.003764139225762796
708,1708,0.0549474010492182,0.0549474010492182
709,1709,0.018245979314673758,0.018245979314673758
710,1710,-0.009522643674278592,0.009522643674278592
711,1711,0.002506216255796444,0.002506216255796444
712,1712,0.08162134381732718,0.08162134381732718
713,1713,-0.04853111666984791,0.04853111666984791
714,1714,0.01930082539912351,0.01930082539912351
715,1715,0.04551067936496498,0.04551067936496498
716,1716,-0.03795981661266922,0.03795981661266922
717,1717,-0.028769122176961762,0.028769122176961762
718,1718,-0.10328672204521862,0.10328672204521862
719,1719,-0.014129308577790288,0.014129308577790288
720,1720,0.0017281986212319437,0.0017281986212319437
721,1721,-0.005752414133892116,0.005752414133892116
722,1722,-0.036535249513153234,0.036535249513153234
723,1723,0.10019673842200387,0.10019673842200387
724,1724,-0.04848420392665601,0.04848420392665601
725,1725,0.07671407224198187,0.07671407224198187
726,1726,0.0035840536901387415,0.0035840536901387415
727,1727,0.00599045832893993,0.00599045832893993
728,1728,0.015339320029254566,0.015339320029254566
729,1729,0.01784235563655204,0.01784235563655204
730,1730,0.03177983330343562,0.03177983330343562
731,1731,-0.053776923847192626,0.053776923847192626
732,1732,-0.09345185695813428,0.09345185695813428
733,1733,0.08322059877845508,0.08322059877845508
734,1734,0.05203027555760907,0.05203027555760907
735,1735,0.04386418778266357,0.04386418778266357
736,1736,0.009464406850336171,0.009464406850336171
737,1737,-0.013517611506311838,0.013517611506311838
738,1738,0.08877848347591229,0.08877848347591229
739,1739,0.0375406339889932,0.0375406339889932
740,1740,-0.042560210028187405,0.042560210028187405
741,1741,0.07117395572193679,0.07117395572193679
742,1742,-0.0055553448347418,0.0055553448347418
743,1743,0.02623666073737481,0.02623666073737481
744,1744,-0.08471551756707546,0.08471551756707546
745,1745,-0.019534942655381464,0.019534942655381464
746,1746,-0.1288166462133455,0.1288166462133455
747,1747,0.04509495998404877,0.04509495998404877
748,1748,0.11389776143693181,0.11389776143693181
749,1749,0.024585731907130405,0.024585731907130405
750,1750,0.07449887443661454,0.07449887443661454
751,1751,0.05524154590813804,0.05524154590813804
752,1752,-0.03168633967585272,0.03168633967585272
753,1753,-0.02849647075096112,0.02849647075096112
754,1754,-0.004291363998110966,0.004291363998110966
755,1755,-0.04391063199659553,0.04391063199659553
756,1756,0.010218223847083556,0.010218223847083556
757,1757,0.024878727542517284,0.024878727542517284
758,1758,0.01172438674421015,0.01172438674421015
759,1759,0.03206695048926794,0.03206695048926794
760,1760,0.09762646779990236,0.09762646779990236
761,1761,0.07865002587812131,0.07865002587812131
762,1762,0.08832917512976396,0.08832917512976396
763,1763,-0.04829274267236657,0.04829274267236657
764,1764,-0.024396259233192837,0.024396259233192837
765,1765,-0.008271378376533883,0.008271378376533883
766,1766,0.023321979769529558,0.023321979769529558
767,1767,0.03632600580377589,0.03632600580377589
768,1768,-0.03551849747434692,0.03551849747434692
769,1769,-0.0257298052727671,0.0257298052727671
770,1770,-0.023931255873654262,0.023931255873654262
771,1771,0.06073844170066901,0.06073844170066901
772,1772,0.07991838191428806,0.07991838191428806
773,1773,-0.14061850868021072,0.14061850868021072
774,1774,-0.024884299968460054,0.024884299968460054
775,1775,0.034454716129563724,0.034454716129563724
776,1776,0.08877119938979443,0.08877119938979443
777,1777,0.0017876455792427363,0.0017876455792427363
778,1778,0.026997262786561695,0.026997262786561695
779,1779,-0.011252694054036177,0.011252694054036177
780,1780,0.0899023485641998,0.0899023485641998
781,1781,-0.0013578963273928903,0.0013578963273928903
782,1782,0.03609758888085579,0.03609758888085579
783,1783,0.003176299954248605,0.003176299954248605
784,1784,-0.03558705224797847,0.03558705224797847
785,1785,-0.0036094029057608954,0.0036094029057608954
786,1786,0.03422236831265893,0.03422236831265893
787,1787,-0.0006424572579003279,0.0006424572579003279
788,1788,0.0893485014857444,0.0893485014857444
789,1789,0.13062541956455476,0.13062541956455476
790,1790,-0.06172835144018837,0.06172835144018837
791,1791,-0.04706974763084969,0.04706974763084969
792,1792,-0.007128934015828168,0.007128934015828168
793,1793,0.012322244206793502,0.012322244206793502
794,1794,0.0015898029877864802,0.0015898029877864802
795,1795,0.036106185337754844,0.036106185337754844
796,1796,-0.03558705224797847,0.03558705224797847
797,1797,0.04608687797056802,0.04608687797056802
798,1798,-0.023597973347976812,0.023597973347976812
799,1799,-0.08068337982264102,0.08068337982264102
800,1800,-0.0896516096059983,0.0896516096059983
801,1801,-0.05774983681888771,0.05774983681888771
802,1802,-0.010923888099703266,0.010923888099703266
803,1803,0.03480782383305604,0.03480782383305604
804,1804,-0.04119281135168788,0.04119281135168788
805,1805,0.017832277595609968,0.017832277595609968
806,1806,0.05525464627091896,0.05525464627091896
807,1807,0.022059910831809602,0.022059910831809602
808,1808,-0.06478428994863702,0.06478428994863702
809,1809,0.025788352808689814,0.025788352808689814
810,1810,-0.03742722314916891,0.03742722314916891
811,1811,0.047732426081394,0.047732426081394
812,1812,0.012769927436041613,0.012769927436041613
813,1813,-0.05129296613779926,0.05129296613779926
814,1814,0.08445030395830348,0.08445030395830348
815,1815,-0.024985872280208172,0.024985872280208172
816,1816,-0.010574696590764139,0.010574696590764139
817,1817,0.11536753955762598,0.11536753955762598
818,1818,0.013005777583238697,0.013005777583238697
819,1819,0.06976588971198595,0.06976588971198595
820,1820,-0.08050033120767858,0.08050033120767858
821,1821,0.13433608458462923,0.13433608458462923
822,1822,0.0296221365452122,0.0296221365452122
823,1823,-0.00845107281239375,0.00845107281239375
824,1824,0.04179169417527019,0.04179169417527019
825,1825,0.11170826103490919,0.11170826103490919
826,1826,-0.08903541071783361,0.08903541071783361
827,1827,0.0032329056493756235,0.0032329056493756235
828,1828,0.017777199220518892,0.017777199220518892
829,1829,-0.01794016376300744,0.01794016376300744
830,1830,0.0353551660216836,0.0353551660216836
831,1831,0.011714208527468378,0.011714208527468378
832,1832,-0.029883700314446145,0.029883700314446145
833,1833,-0.006942733106609381,0.006942733106609381
834,1834,-0.022185794907115305,0.022185794907115305
835,1835,-0.042527440290460496,0.042527440290460496
836,1836,-0.040881815484309976,0.040881815484309976
837,1837,0.031922266967816144,0.031922266967816144
838,1838,0.07858436075447411,0.07858436075447411
839,1839,-0.011686787624494224,0.011686787624494224
840,1840,0.04743215973336413,0.04743215973336413
841,1841,-0.033969679344907584,0.033969679344907584
842,1842,0.01931277953425229,0.01931277953425229
843,1843,-0.09612349973971197,0.09612349973971197
844,1844,0.02348771804666642,0.02348771804666642
845,1845,-0.005872121591130424,0.005872121591130424
846,1846,0.038127119367627395,0.038127119367627395
847,1847,0.011110175453452251,0.011110175453452251
848,1848,0.057757231354966944,0.057757231354966944
849,1849,0.03321598423527939,0.03321598423527939
850,1850,-0.061512280668915516,0.061512280668915516
851,1851,0.01109390261749984,0.01109390261749984
852,1852,-0.007403995691162047,0.007403995691162047
853,1853,-0.020785943623492537,0.020785943623492537
854,1854,0.03446724953302401,0.03446724953302401
855,1855,0.019829583305599814,0.019829583305599814
856,1856,-0.07657089352866099,0.07657089352866099
857,1857,0.07865002587812131,0.07865002587812131
858,1858,0.02408530699856969,0.02408530699856969
859,1859,-0.018744270519009138,0.018744270519009138
860,1860,0.014452759418546852,0.014452759418546852
861,1861,0.05525464627091896,0.05525464627091896
862,1862,0.06353360445695365,0.06353360445695365
863,1863,0.04551067936496498,0.04551067936496498
864,1864,0.024667370738390617,0.024667370738390617
865,1865,0.024455800944139346,0.024455800944139346
866,1866,-0.03549934714095022,0.03549934714095022
867,1867,-0.0245542359354325,0.0245542359354325
868,1868,-0.04441985323923566,0.04441985323923566
869,1869,-0.057550936462944235,0.057550936462944235
870,1870,0.0035840536901387415,0.0035840536901387415
871,1871,0.0011775663995413335,0.0011775663995413335
872,1872,0.09762646779990236,0.09762646779990236
873,1873,0.034454716129563724,0.034454716129563724
874,1874,0.09901452548730513,0.09901452548730513
875,1875,-0.021373261554892824,0.021373261554892824
876,1876,-0.039787732069328986,0.039787732069328986
877,1877,-0.04706974763084969,0.04706974763084969
878,1878,-0.004002396978607518,0.004002396978607518
879,1879,-0.041096155643690645,0.041096155643690645
880,1880,0.03064944227538866,0.03064944227538866
881,1881,0.030524413181233556,0.030524413181233556
882,1882,0.08270095787837091,0.08270095787837091
883,1883,0.04343366554673451,0.04343366554673451
884,1884,0.025364381546534257,0.025364381546534257
885,1885,0.009675110821046507,0.009675110821046507
886,1886,-0.015493262999195139,0.015493262999195139
887,1887,0.01652794692070628,0.01652794692070628
888,1888,0.034705069321187255,0.034705069321187255
889,1889,-0.018413286889462328,0.018413286889462328
890,1890,-0.0345630399798207,0.0345630399798207
891,1891,0.036106185337754844,0.036106185337754844
892,1892,-0.01794016376300744,0.01794016376300744
893,1893,-0.04036723122892314,0.04036723122892314
894,1894,0.010447901675219876,0.010447901675219876
895,1895,0.043805373416818075,0.043805373416818075
896,1896,0.008994413446785919,0.008994413446785919
897,1897,-0.00209206969085859,0.00209206969085859
898,1898,-0.024468795980790492,0.024468795980790492
899,1899,0.03536987430304125,0.03536987430304125
900,1900,-0.071415036174456,0.071415036174456
901,1901,0.11170868411713189,0.11170868411713189
902,1902,0.02764198925512452,0.02764198925512452
903,1903,0.042404200110496844,0.042404200110496844
904,1904,0.06619128128649543,0.06619128128649543
905,1905,-0.022054568618533884,0.022054568618533884
906,1906,0.06866312550947623,0.06866312550947623
907,1907,-0.0053459093617271745,0.0053459093617271745
908,1908,-0.013248751656831564,0.013248751656831564
909,1909,0.01284383486795673,0.01284383486795673
910,1910,-0.01817480606750902,0.01817480606750902
911,1911,-0.06307055997312168,0.06307055997312168
912,1912,-0.07692852959132106,0.07692852959132106
913,1913,-0.011852109847157006,0.011852109847157006
914,1914,-0.06434359840968128,0.06434359840968128
915,1915,0.04282551722811189,0.04282551722811189
916,1916,-0.020054983770745945,0.020054983770745945
917,1917,-0.00209206969085859,0.00209206969085859
918,1918,-0.02125357199705485,0.02125357199705485
919,1919,-0.030717102652811735,0.030717102652811735
920,1920,0.05595589872816367,0.05595589872816367
921,1921,0.07797390379213243,0.07797390379213243
922,1922,0.04263865591755834,0.04263865591755834
923,1923,-0.03184599674373727,0.03184599674373727
924,1924,0.06268149150227077,0.06268149150227077
925,1925,-0.04573274517431779,0.04573274517431779
926,1926,0.060586923945379324,0.060586923945379324
927,1927,-0.03667463720754381,0.03667463720754381
928,1928,0.04047693205811652,0.04047693205811652
929,1929,0.0036402193041854616,0.0036402193041854616
930,1930,0.06844304309621914,0.06844304309621914
931,1931,0.08230022886070247,0.08230022886070247
932,1932,-0.11283215899651863,0.11283215899651863
933,1933,-0.010161927436456579,0.010161927436456579
934,1934,0.057229661800640014,0.057229661800640014
935,1935,0.04148561658497332,0.04148561658497332
936,1936,0.05317462076105245,0.05317462076105245
937,1937,0.0029799650703981164,0.0029799650703981164
938,1938,-0.0009249658152557854,0.0009249658152557854
939,1939,0.015097000232445415,0.015097000232445415
940,1940,-0.0700575962187734,0.0700575962187734
941,1941,0.03675519334157744,0.03675519334157744
942,1942,0.027485393216493924,0.027485393216493924
943,1943,-0.09327897220075033,0.09327897220075033
944,1944,-0.03042623125001449,0.03042623125001449
945,1945,9.026121366071509e-05,9.026121366071509e-05
946,1946,0.0863964771126877,0.0863964771126877
947,1947,0.04286300303766906,0.04286300303766906
948,1948,0.02883170914522583,0.02883170914522583
949,1949,-0.0496728299002624,0.0496728299002624
950,1950,-0.009512451386517948,0.009512451386517948
951,1951,-0.06871085503321478,0.06871085503321478
952,1952,0.04896988572734241,0.04896988572734241
953,1953,-0.03343354009301451,0.03343354009301451
954,1954,0.03219728991083493,0.03219728991083493
955,1955,-0.0012056245912794195,0.0012056245912794195
956,1956,0.010218223847083556,0.010218223847083556
957,1957,0.037790836125358315,0.037790836125358315
958,1958,-0.07294295034919163,0.07294295034919163
959,1959,-0.02095322852065327,0.02095322852065327
960,1960,0.04509495998404877,0.04509495998404877
961,1961,0.026561517850022035,0.026561517850022035
962,1962,0.003764139225762796,0.003764139225762796
963,1963,0.11877366380910351,0.11877366380910351
964,1964,0.011110175453452251,0.011110175453452251
965,1965,0.03447058910987317,0.03447058910987317
966,1966,0.09529490349882543,0.09529490349882543
967,1967,0.08454657983507886,0.08454657983507886
968,1968,0.051543476118832005,0.051543476118832005
969,1969,-0.0018871232926313314,0.0018871232926313314
970,1970,0.05667005131705474,0.05667005131705474
971,1971,-0.011834129442046603,0.011834129442046603
972,1972,0.027155528525856867,0.027155528525856867
973,1973,-0.016521796066071005,0.016521796066071005
974,1974,-0.0496728299002624,0.0496728299002624
975,1975,-0.06172835144018837,0.06172835144018837
976,1976,-0.004162634651358886,0.004162634651358886
977,1977,0.049781967436469475,0.049781967436469475
978,1978,-0.02138996140270339,0.02138996140270339
979,1979,0.043805373416818075,0.043805373416818075
980,1980,0.027910256312743877,0.027910256312743877
981,1981,0.04822918117579635,0.04822918117579635
982,1982,0.042041537963019925,0.042041537963019925
983,1983,0.021514420378673432,0.021514420378673432
984,1984,-0.06599023404640458,0.06599023404640458
985,1985,0.022621472743729006,0.022621472743729006
986,1986,-0.1426757000916889,0.1426757000916889
987,1987,0.06582533726769882,0.06582533726769882
988,1988,-0.01622849403358257,0.01622849403358257
989,1989,0.0657407096055369,0.0657407096055369
990,1990,0.038441451617603165,0.038441451617603165
991,1991,-0.07849369308979422,0.07849369308979422
992,1992,-0.023677764049270585,0.023677764049270585
993,1993,0.02678632923799783,0.02678632923799783
994,1994,-0.028288379464747125,0.028288379464747125
995,1995,0.054118043982320826,0.054118043982320826
996,1996,0.024203048692112948,0.024203048692112948
997,1997,0.06802565117788464,0.06802565117788464
998,1998,0.0038496572894766647,0.0038496572894766647
999,1999,-0.01949033345891258,0.01949033345891258
