ledger_id,qp093a_reference,ledger_group,ledger_role,operator_class,route_combination,partition_signature,closure_depth,q_sign,q_abs,native_charge_axis,spin_or_hand_class,ledger_value,ledger_value_fraction,native_mass_expected,native_mass_fraction,formula_used,selector_rule,matter_count_status,role_reading,construction_hash
SAMC81-0001,QP093A-0300,carrier_mode,tensor_carrier,TENSOR_CARRIER,tensor_carrier_alphaH_D2,18,3,neutral,0,carrier_axis,rank2_plus_cross,18,18,18,18,alpha_H*D^2,ACTIVE_CARRIER_MODE_NOT_MIRROR,SUPPORT_NOT_MATTER,timing_gravity_witness_floor,bcc65289fbbc792adb200412c047d5b2fafb8a7939e15cd97b76975ef0e75e92
SAMC81-0002,QP093A-0301,carrier_mode,road_light_carrier,ROAD_LIGHT_CARRIER,photon_road_carrier,1,3,neutral,0,carrier_axis,transverse_vector,1,1,0,0,massless_road_slot_with_partition_ledger_value_1,ACTIVE_CARRIER_MODE_NOT_MIRROR,SUPPORT_NOT_MATTER,signal_path,5f79e1ce3a63acaa1cf3c118ddc50f38b86fde4d2cc9709eb89886c5d98f1f06
SAMC81-0003,QP093A-0302,carrier_mode,weak_vector_carrier,WEAK_VECTOR_CARRIER,weak_vector_support,9,3,neutral,0,carrier_axis,massive_vector_support,9,9,9,9,D^2,ACTIVE_CARRIER_MODE_NOT_MIRROR,SUPPORT_NOT_MATTER,weak_vector_carrier,f7c73b53a59d1e672c81a544c708f149a1f72710d416ea1b8b08f14c069fec44
SAMC81-0004,QP093A-0304,carrier_mode,color_owner_carrier,COLOR_OWNER_CARRIER,gluon_color_owner_support,8,3,neutral,0,carrier_axis,color_octet_support,8,8,8,8,alpha_H^D,ACTIVE_CARRIER_MODE_NOT_MIRROR,SUPPORT_NOT_MATTER,color_owner_carrier,03b35454ec045297b3b8fc41819c97bab385ff912cb42f9c4c3784515058e30a
SAMC81-0005,QP093A-0306,source_support_mode,source_packet_p_1,SOURCE_SUPPORT_PACKET,hidden_source_support[p=1],1,3,positive,1,source_axis,unresolved_support,1,1,1.006944444444444444444444444444444444444444444444,145/144,ledger_value=p; native_mass=p+p^2/R^2,SOURCE_SUPPORT_PARTITION_MODE,SUPPORT_NOT_MATTER,unresolved_support_inventory,b3c6ad6b282210d81be7d063f658002dd248beb0fdf1f387a7959c6e4a2a146f
SAMC81-0006,QP093A-0307,source_support_mode,source_packet_p_2,SOURCE_SUPPORT_PACKET,hidden_source_support[p=2],2,3,positive,2,source_axis,unresolved_support,2,2,2.027777777777777777777777777777777777777777777778,73/36,ledger_value=p; native_mass=p+p^2/R^2,SOURCE_SUPPORT_PARTITION_MODE,SUPPORT_NOT_MATTER,unresolved_support_inventory,f5e6154e9f0ca7ad45bf2f591dc1be712f87abe7aac9cf36c9e53b4fc4143f71
SAMC81-0007,QP093A-0308,source_support_mode,source_packet_p_3,SOURCE_SUPPORT_PACKET,hidden_source_support[p=3],3,3,positive,3,source_axis,unresolved_support,3,3,3.0625,49/16,ledger_value=p; native_mass=p+p^2/R^2,SOURCE_SUPPORT_PARTITION_MODE,SUPPORT_NOT_MATTER,unresolved_support_inventory,e37a12605bbc328918ccf751f9d3006fbdc76b6406ea4993d3e3405617eb4058
SAMC81-0008,QP093A-0309,source_support_mode,source_packet_p_4,SOURCE_SUPPORT_PACKET,hidden_source_support[p=4],4,3,positive,4,source_axis,unresolved_support,4,4,4.111111111111111111111111111111111111111111111111,37/9,ledger_value=p; native_mass=p+p^2/R^2,SOURCE_SUPPORT_PARTITION_MODE,SUPPORT_NOT_MATTER,unresolved_support_inventory,7a40bed45801d9fbec27eefa8940d18ad9acdf90f61fdbcb8102772e722309c6
SAMC81-0009,QP093A-0310,source_support_mode,source_packet_p_6,SOURCE_SUPPORT_PACKET,hidden_source_support[p=6],6,3,positive,6,source_axis,unresolved_support,6,6,6.25,25/4,ledger_value=p; native_mass=p+p^2/R^2,SOURCE_SUPPORT_PARTITION_MODE,SUPPORT_NOT_MATTER,unresolved_support_inventory,e53bb59b359b8434e79314f0f680c0e37e2e6b2867b453ec8fb1bdf007b34727
SAMC81-0010,QP093A-0311,source_support_mode,source_packet_p_8,SOURCE_SUPPORT_PACKET,hidden_source_support[p=8],8,3,positive,8,source_axis,unresolved_support,8,8,8.444444444444444444444444444444444444444444444444,76/9,ledger_value=p; native_mass=p+p^2/R^2,SOURCE_SUPPORT_PARTITION_MODE,SUPPORT_NOT_MATTER,unresolved_support_inventory,7efb16fd3d066bddf635a4949825a230eaea0e3a26ee02a5d5c3652e55c1e97f
SAMC81-0011,QP093A-0312,source_support_mode,source_packet_p_9,SOURCE_SUPPORT_PACKET,hidden_source_support[p=9],9,3,positive,9,source_axis,unresolved_support,9,9,9.5625,153/16,ledger_value=p; native_mass=p+p^2/R^2,SOURCE_SUPPORT_PARTITION_MODE,SUPPORT_NOT_MATTER,unresolved_support_inventory,4121c8880a92c34a134bb9eb3abdefd7996a930ecbbe20f2b501942f4167e953
SAMC81-0012,QP093A-0313,source_support_mode,source_packet_p_12,SOURCE_SUPPORT_PACKET,hidden_source_support[p=12],12,3,positive,12,source_axis,unresolved_support,12,12,13,13,ledger_value=p; native_mass=p+p^2/R^2,SOURCE_SUPPORT_PARTITION_MODE,SUPPORT_NOT_MATTER,unresolved_support_inventory,d9d5f416e371c8e8daee26ec77352ad03ba455d98f0da2fc5a48ff69f661cdfd
